algorithm,dataset,number of dimensions,Best_Individual_MSE,Best_Individual_R2,Feature_Importances,Baseline_MSE,Baseline_R2,analysis_runtime_sec,config_file,method_name,noise_name,x_noise_frac,y_noise_frac,noise_seed
DEA,chf_public.csv,3.0,67772.26641212997,0.8984441123893255,[0.2210121  0.14834235 0.         0.63064555],31957.046348093405,0.985230504434472,75.77405166625977,./configs/CHF/config.json,DEA_run,clean,0.0,0.0,42
DEA,rayleigh_data.csv,2.0,1.994449724318862e-05,0.9997160312205123,[0.01217458 0.98782542],2.3050359639136723e-05,0.9997470829650581,59.079705238342285,./configs/Rayleigh/config.json,DEA_run,clean,0.0,0.0,42
DEA,dataset-GS1-GS10.txt,2.0,0.17074247029370454,0.9810986732376146,[0.98499427 0.01500573],0.03318614533042138,0.9963262674143386,112.62998127937317,./configs/Wall_model/config.json,DEA_run,clean,0.0,0.0,42
DEA,dataset_keyhole.csv,2.0,0.2270776878457475,0.9663728469446191,[0.93137273 0.         0.06862727 0.        ],0.33111908606892415,0.9509657144546882,95.2746651172638,./configs/Keyhole/config.json,DEA_run,clean,0.0,0.0,42
DEA,MHD_Generator_Data_Uavg.csv,1.0,2298512.137792548,0.969860427081461,[1. 0. 0. 0.],15164221.87460761,0.8011569469537033,100.62168169021606,./configs/MHD/config.json,DEA_run,clean,0.0,0.0,42
DEA,mat/inv_transf.mat,2.0,0.05974951229958068,0.9989288412991969,[0.         0.85906733 0.14093267],0.075566789003556,0.9987925316021752,42.59768199920654,./configs/Velocity_transformation/config.json,DEA_run,clean,0.0,0.0,42
PyDimension,chf_public.csv,,841746.9213308552,0.6109722630034413,"[0.07154589362893134, 0.2491512032797206, 0.679302903091348]",31957.046348093405,0.985230504434472,948.2910015583038,./configs/CHF/config.json,PyDimension_run,clean,0.0,0.0,42
PyDimension,rayleigh_data.csv,,1.3927433757689718e-07,0.9999984718306761,[1.0],2.3050359639136723e-05,0.9997470829650581,116.0510687828064,./configs/Rayleigh/config.json,PyDimension_run,clean,0.0,0.0,42
PyDimension,dataset-GS1-GS10.txt,,0.3995498085429866,0.9557695195804019,"[0.02091874993821933, 0.9790812500617807]",0.03318614533042138,0.9963262674143386,211.3363847732544,./configs/Wall_model/config.json,PyDimension_run,clean,0.0,0.0,42
PyDimension,dataset_keyhole.csv,,2.1030352171748334,0.6885687545980589,[1.0],0.33111908606892415,0.9509657144546882,6.032745599746704,./configs/Keyhole/config.json,PyDimension_run,clean,0.0,0.0,42
PyDimension,MHD_Generator_Data_Uavg.csv,,2318909.2156465715,0.9695929674473792,[1.0],15164221.87460761,0.8011569469537033,29.07140040397644,./configs/MHD/config.json,PyDimension_run,clean,0.0,0.0,42
PyDimension,mat/inv_transf.mat,,49.12280678832083,0.2150753314850713,[1.0],0.075566789003556,0.9987925316021752,62.69046688079834,./configs/Velocity_transformation/config.json,PyDimension_run,clean,0.0,0.0,42
TI_PI,chf_public.csv,3.0,2164105.823398016,-0.00017852131435369678,[0. 0. 0.],31957.046348093405,0.985230504434472,310.726407289505,./configs/CHF/config.json,TI_PI_run,clean,0.0,0.0,42
TI_PI,rayleigh_data.csv,1.0,0.09134607337692296,-0.002282758003226526,[0.],2.3050359639136723e-05,0.9997470829650581,38.61437439918518,./configs/Rayleigh/config.json,TI_PI_run,clean,0.0,0.0,42
TI_PI,dataset-GS1-GS10.txt,2.0,14.324117855348236,-0.5856911973988146,[0.50697218 0.49302782],0.03318614533042138,0.9963262674143386,190.98257184028625,./configs/Wall_model/config.json,TI_PI_run,clean,0.0,0.0,42
TI_PI,dataset_keyhole.csv,1.0,5.651122110543196,0.1631447812038217,[1.],0.33111908606892415,0.9509657144546882,11.757798910140991,./configs/Keyhole/config.json,TI_PI_run,clean,0.0,0.0,42
TI_PI,MHD_Generator_Data_Uavg.csv,1.0,100603133.82371087,-0.3191731459052827,[1.],15164221.87460761,0.8011569469537033,39.704487323760986,./configs/MHD/config.json,TI_PI_run,clean,0.0,0.0,42
TI_PI,mat/inv_transf.mat,1.0,34.141506598378875,0.4544588857714812,[1.],0.075566789003556,0.9987925316021752,13.913659811019897,./configs/Velocity_transformation/config.json,TI_PI_run,clean,0.0,0.0,42
DEA,chf_public.csv,3.0,109797.10752263374,0.7799174796646204,[0.17979674 0.18328053 0.         0.63692273],35594.775344915884,0.9835492657585965,71.09804272651672,./configs/CHF/config.json,DEA_run,x_1pct,0.01,0.0,43
DEA,rayleigh_data.csv,1.0,0.0006507071376420349,0.9920460536735811,[1. 0.],9.213902044992832e-05,0.9989890167346854,54.537954330444336,./configs/Rayleigh/config.json,DEA_run,x_1pct,0.01,0.0,43
DEA,dataset-GS1-GS10.txt,2.0,0.14521903481731593,0.9839241377702996,[0.01313579 0.98686421],0.05243806283172409,0.9941950648912132,85.99728226661682,./configs/Wall_model/config.json,DEA_run,x_1pct,0.01,0.0,43
DEA,dataset_keyhole.csv,2.0,0.1744452531974342,0.9741670029992572,[0.06411938 0.93588062 0.         0.        ],1.0490715857667725,0.84464660039786,76.67551159858704,./configs/Keyhole/config.json,DEA_run,x_1pct,0.01,0.0,43
DEA,MHD_Generator_Data_Uavg.csv,2.0,6332741.882297897,0.9169610059492189,[0.         0.98578176 0.01421824 0.        ],15192249.791306488,0.8007894268413616,74.30396056175232,./configs/MHD/config.json,DEA_run,x_1pct,0.01,0.0,43
DEA,mat/inv_transf.mat,2.0,8.184452795217714,0.8940021709538443,[0.34140547 0.         0.65859453],0.9357334053377458,0.9850480809012383,40.034247159957886,./configs/Velocity_transformation/config.json,DEA_run,x_1pct,0.01,0.0,43
PyDimension,chf_public.csv,,950481.9355420566,0.5607185163737634,"[0.1468513362027606, 0.11480856608342489, 0.7383400977138145]",35594.775344915884,0.9835492657585965,867.0598573684692,./configs/CHF/config.json,PyDimension_run,x_1pct,0.01,0.0,43
PyDimension,rayleigh_data.csv,,2.3849811562590742e-05,0.9997383110841319,[1.0],9.213902044992832e-05,0.9989890167346854,103.90395259857178,./configs/Rayleigh/config.json,PyDimension_run,x_1pct,0.01,0.0,43
PyDimension,dataset-GS1-GS10.txt,,0.1391066724174735,0.9846007811315606,"[0.010704549900729962, 0.98929545009927]",0.05243806283172409,0.9941950648912132,204.08940076828003,./configs/Wall_model/config.json,PyDimension_run,x_1pct,0.01,0.0,43
PyDimension,dataset_keyhole.csv,,2.163897142026807,0.6795559216700053,[1.0],1.0490715857667725,0.84464660039786,5.866506338119507,./configs/Keyhole/config.json,PyDimension_run,x_1pct,0.01,0.0,43
PyDimension,MHD_Generator_Data_Uavg.csv,,2371521.6369529148,0.9689030794618817,[1.0],15192249.791306488,0.8007894268413616,26.082703828811646,./configs/MHD/config.json,PyDimension_run,x_1pct,0.01,0.0,43
PyDimension,mat/inv_transf.mat,,26.736345089288694,0.5727846558739353,[1.0],0.9357334053377458,0.9850480809012383,61.813308000564575,./configs/Velocity_transformation/config.json,PyDimension_run,x_1pct,0.01,0.0,43
TI_PI,chf_public.csv,3.0,2164105.823398016,-0.00017852131435369678,[0. 0. 0.],35594.775344915884,0.9835492657585965,182.6102430820465,./configs/CHF/config.json,TI_PI_run,x_1pct,0.01,0.0,43
TI_PI,rayleigh_data.csv,1.0,0.04470540935791448,0.509475784426727,[1.],9.213902044992832e-05,0.9989890167346854,27.18041205406189,./configs/Rayleigh/config.json,TI_PI_run,x_1pct,0.01,0.0,43
TI_PI,dataset-GS1-GS10.txt,2.0,12.061243912048145,-0.33518925871402816,[0.50219013 0.49780987],0.05243806283172409,0.9941950648912132,176.31057953834534,./configs/Wall_model/config.json,TI_PI_run,x_1pct,0.01,0.0,43
TI_PI,dataset_keyhole.csv,1.0,6.251995798769848,0.07416346528222217,[1.],1.0490715857667725,0.84464660039786,12.670214176177979,./configs/Keyhole/config.json,TI_PI_run,x_1pct,0.01,0.0,43
TI_PI,MHD_Generator_Data_Uavg.csv,1.0,98956638.29317558,-0.2975832350726708,[1.],15192249.791306488,0.8007894268413616,51.01113176345825,./configs/MHD/config.json,TI_PI_run,x_1pct,0.01,0.0,43
TI_PI,mat/inv_transf.mat,1.0,38.70306625555613,0.38157052828714855,[1.],0.9357334053377458,0.9850480809012383,22.01419949531555,./configs/Velocity_transformation/config.json,TI_PI_run,x_1pct,0.01,0.0,43
DEA,chf_public.csv,1.0,358190.58479455113,0.7091529621627366,[0. 0. 0. 1.],54729.76640318316,0.9747057023546726,62.263484954833984,./configs/CHF/config.json,DEA_run,x_5pct,0.05,0.0,44
DEA,rayleigh_data.csv,1.0,0.001599158309619531,0.9807761294818889,[1. 0.],0.000734876913444659,0.9919366598653786,33.99908471107483,./configs/Rayleigh/config.json,DEA_run,x_5pct,0.05,0.0,44
DEA,dataset-GS1-GS10.txt,2.0,0.22901569894079,0.9749967706390302,[0.2191436 0.7808564],0.06043028425699448,0.9933103196461871,72.62826108932495,./configs/Wall_model/config.json,DEA_run,x_5pct,0.05,0.0,44
DEA,dataset_keyhole.csv,2.0,0.37558563886804125,0.944380815731231,[0.         0.94205336 0.05794664 0.        ],0.9643097555288436,0.8571986880367003,70.54368305206299,./configs/Keyhole/config.json,DEA_run,x_5pct,0.05,0.0,44
DEA,MHD_Generator_Data_Uavg.csv,2.0,13750985.953630794,0.8245396650788797,[0.         0.84033045 0.         0.15966955],13955222.598357154,0.81701012486209,72.352454662323,./configs/MHD/config.json,DEA_run,x_5pct,0.05,0.0,44
DEA,mat/inv_transf.mat,1.0,23.114333136854174,0.5553358319396262,[0. 1. 0.],2.9484442084878255,0.9528873298515934,34.445332527160645,./configs/Velocity_transformation/config.json,DEA_run,x_5pct,0.05,0.0,44
PyDimension,chf_public.csv,,1133151.301266736,0.47629474461334764,"[0.18933641028226272, 0.1306371587078767, 0.6800264310098606]",54729.76640318316,0.9747057023546726,735.4704258441925,./configs/CHF/config.json,PyDimension_run,x_5pct,0.05,0.0,44
PyDimension,rayleigh_data.csv,,0.000902506963158082,0.9900973612251655,[1.0],0.000734876913444659,0.9919366598653786,102.74159979820251,./configs/Rayleigh/config.json,PyDimension_run,x_5pct,0.05,0.0,44
PyDimension,dataset-GS1-GS10.txt,,0.7326986941516316,0.9188896739474919,"[0.010501795636354928, 0.9894982043636451]",0.06043028425699448,0.9933103196461871,211.89648246765137,./configs/Wall_model/config.json,PyDimension_run,x_5pct,0.05,0.0,44
PyDimension,dataset_keyhole.csv,,1.8410472179721877,0.7273656554800376,[1.0],0.9643097555288436,0.8571986880367003,5.966432094573975,./configs/Keyhole/config.json,PyDimension_run,x_5pct,0.05,0.0,44
PyDimension,MHD_Generator_Data_Uavg.csv,,4354043.735307597,0.9429069716478237,[1.0],13955222.598357154,0.81701012486209,26.279410362243652,./configs/MHD/config.json,PyDimension_run,x_5pct,0.05,0.0,44
PyDimension,mat/inv_transf.mat,,55.975541804604966,0.10557668690932365,[1.0],2.9484442084878255,0.9528873298515934,63.178274393081665,./configs/Velocity_transformation/config.json,PyDimension_run,x_5pct,0.05,0.0,44
TI_PI,chf_public.csv,3.0,2164105.823398016,-0.00017852131435369678,[0. 0. 0.],54729.76640318316,0.9747057023546726,126.2745943069458,./configs/CHF/config.json,TI_PI_run,x_5pct,0.05,0.0,44
TI_PI,rayleigh_data.csv,1.0,0.05391703014054748,0.4084024887460205,[1.],0.000734876913444659,0.9919366598653786,27.051908254623413,./configs/Rayleigh/config.json,TI_PI_run,x_5pct,0.05,0.0,44
TI_PI,dataset-GS1-GS10.txt,2.0,12.433345736690296,-0.37638122556529163,[0.51088345 0.48911655],0.06043028425699448,0.9933103196461871,126.39802050590515,./configs/Wall_model/config.json,TI_PI_run,x_5pct,0.05,0.0,44
TI_PI,dataset_keyhole.csv,1.0,6.193960743356481,0.08275767684689361,[1.],0.9643097555288436,0.8571986880367003,16.791658639907837,./configs/Keyhole/config.json,TI_PI_run,x_5pct,0.05,0.0,44
TI_PI,MHD_Generator_Data_Uavg.csv,1.0,72194888.98400311,0.05333407420292757,[1.],13955222.598357154,0.81701012486209,27.324127674102783,./configs/MHD/config.json,TI_PI_run,x_5pct,0.05,0.0,44
TI_PI,mat/inv_transf.mat,1.0,50.58539223688666,0.19170493648021503,[1.],2.9484442084878255,0.9528873298515934,22.189610958099365,./configs/Velocity_transformation/config.json,TI_PI_run,x_5pct,0.05,0.0,44
DEA,chf_public.csv,2.0,340552.86952847464,0.30546809505696737,[0.31523377 0.         0.         0.68476623],82144.52779466065,0.9620355014734328,60.22553730010986,./configs/CHF/config.json,DEA_run,x_10pct,0.1,0.0,45
DEA,rayleigh_data.csv,1.0,0.0034481217610826662,0.9568796326859221,[0. 1.],0.001760038543529936,0.9806882089137854,34.99355626106262,./configs/Rayleigh/config.json,DEA_run,x_10pct,0.1,0.0,45
DEA,dataset-GS1-GS10.txt,1.0,0.6662815738076593,0.9307881368891752,[0. 1.],0.13543003585241012,0.9850077877127776,67.35491371154785,./configs/Wall_model/config.json,DEA_run,x_10pct,0.1,0.0,45
DEA,dataset_keyhole.csv,2.0,0.5003511592864932,0.9259047193302692,[0.93208173 0.06791827 0.         0.        ],0.6173165027761536,0.9085837242778014,66.45878076553345,./configs/Keyhole/config.json,DEA_run,x_10pct,0.1,0.0,45
DEA,MHD_Generator_Data_Uavg.csv,2.0,16675263.806249566,0.8134786224221271,[0.         0.94785653 0.         0.05214347],10891324.09092624,0.8571859372762908,69.68928384780884,./configs/MHD/config.json,DEA_run,x_10pct,0.1,0.0,45
DEA,mat/inv_transf.mat,2.0,21.643296378682038,0.531964865259939,[0.29520259 0.70479741 0.        ],3.20373160514771,0.9488081375517157,37.72399568557739,./configs/Velocity_transformation/config.json,DEA_run,x_10pct,0.1,0.0,45
PyDimension,chf_public.csv,,1212890.7529632745,0.4394417931421324,"[0.11971196656046693, 0.45554073762319003, 0.424747295816343]",82144.52779466065,0.9620355014734328,727.301372051239,./configs/CHF/config.json,PyDimension_run,x_10pct,0.1,0.0,45
PyDimension,rayleigh_data.csv,,0.0025473310694667517,0.97204974537529,[1.0],0.001760038543529936,0.9806882089137854,105.6984510421753,./configs/Rayleigh/config.json,PyDimension_run,x_10pct,0.1,0.0,45
PyDimension,dataset-GS1-GS10.txt,,1.3014565888697927,0.8559277243033164,"[0.02048025999905767, 0.9795197400009423]",0.13543003585241012,0.9850077877127776,203.89945888519287,./configs/Wall_model/config.json,PyDimension_run,x_10pct,0.1,0.0,45
PyDimension,dataset_keyhole.csv,,3.0732465549384047,0.5448934976384066,[1.0],0.6173165027761536,0.9085837242778014,6.692410230636597,./configs/Keyhole/config.json,PyDimension_run,x_10pct,0.1,0.0,45
PyDimension,MHD_Generator_Data_Uavg.csv,,13789402.104162876,0.8191844700804523,[1.0],10891324.09092624,0.8571859372762908,33.97916650772095,./configs/MHD/config.json,PyDimension_run,x_10pct,0.1,0.0,45
PyDimension,mat/inv_transf.mat,,63.80231913910074,-0.019486008129508958,[1.0],3.20373160514771,0.9488081375517157,61.04935812950134,./configs/Velocity_transformation/config.json,PyDimension_run,x_10pct,0.1,0.0,45
TI_PI,chf_public.csv,3.0,2164105.823398016,-0.00017852131435369678,[0. 0. 0.],82144.52779466065,0.9620355014734328,127.04038429260254,./configs/CHF/config.json,TI_PI_run,x_10pct,0.1,0.0,45
TI_PI,rayleigh_data.csv,1.0,0.059684619189445155,0.34511837761510045,[1.],0.001760038543529936,0.9806882089137854,26.907356023788452,./configs/Rayleigh/config.json,TI_PI_run,x_10pct,0.1,0.0,45
TI_PI,dataset-GS1-GS10.txt,2.0,12.625283926652747,-0.39762893529105914,[0.50179907 0.49820093],0.13543003585241012,0.9850077877127776,127.42326951026917,./configs/Wall_model/config.json,TI_PI_run,x_10pct,0.1,0.0,45
TI_PI,dataset_keyhole.csv,1.0,8.304766927165133,-0.2298243442515182,[1.],0.6173165027761536,0.9085837242778014,8.926122188568115,./configs/Keyhole/config.json,TI_PI_run,x_10pct,0.1,0.0,45
TI_PI,MHD_Generator_Data_Uavg.csv,1.0,89585325.40533267,-0.17470053914014305,[1.],10891324.09092624,0.8571859372762908,27.56560492515564,./configs/MHD/config.json,TI_PI_run,x_10pct,0.1,0.0,45
TI_PI,mat/inv_transf.mat,1.0,50.221446221629385,0.19752036568836573,[1.],3.20373160514771,0.9488081375517157,21.892564296722412,./configs/Velocity_transformation/config.json,TI_PI_run,x_10pct,0.1,0.0,45
DEA,chf_public.csv,3.0,124669.62548416515,0.7406961291356564,[0.13954336 0.         0.39653262 0.46392402],31998.001638163205,0.9852164456134589,63.60207557678223,./configs/CHF/config.json,DEA_run,y_1pct,0.0,0.01,46
DEA,rayleigh_data.csv,2.0,4.580462909843942e-05,0.9993463938803798,[0.00275572 0.99724428],3.7342593912524645e-05,0.9995901116959378,36.17362833023071,./configs/Rayleigh/config.json,DEA_run,y_1pct,0.0,0.01,46
DEA,dataset-GS1-GS10.txt,2.0,0.11521372994130306,0.9872560163493563,[0.17938831 0.82061169],0.033788647348452515,0.996262581121144,72.84425950050354,./configs/Wall_model/config.json,DEA_run,y_1pct,0.0,0.01,46
DEA,dataset_keyhole.csv,2.0,0.2976193435055092,0.9561153936078512,[0.57486771 0.42513229 0.         0.        ],0.3361512277431339,0.9504337851700425,66.4621856212616,./configs/Keyhole/config.json,DEA_run,y_1pct,0.0,0.01,46
DEA,MHD_Generator_Data_Uavg.csv,1.0,2383480.8916879697,0.9687821417149989,[0. 1. 0. 0.],15271084.60432524,0.799985577103381,63.92316389083862,./configs/MHD/config.json,DEA_run,y_1pct,0.0,0.01,46
DEA,mat/inv_transf.mat,2.0,0.12110998007630754,0.9978276288993808,[0.85196836 0.14803164 0.        ],0.08686331382558857,0.9986112673470083,33.44470024108887,./configs/Velocity_transformation/config.json,DEA_run,y_1pct,0.0,0.01,46
PyDimension,chf_public.csv,,843060.4688996556,0.6104934791222688,"[0.07178826995343981, 0.24992157079975924, 0.6782901592468009]",31998.001638163205,0.9852164456134589,713.9034111499786,./configs/CHF/config.json,PyDimension_run,y_1pct,0.0,0.01,46
PyDimension,rayleigh_data.csv,,1.2843349412294483e-05,0.9998590258962349,[1.0],3.7342593912524645e-05,0.9995901116959378,112.09554648399353,./configs/Rayleigh/config.json,PyDimension_run,y_1pct,0.0,0.01,46
PyDimension,dataset-GS1-GS10.txt,,0.4276605983427785,0.9526957448901144,"[0.021127608807244815, 0.9788723911927552]",0.033788647348452515,0.996262581121144,200.78908014297485,./configs/Wall_model/config.json,PyDimension_run,y_1pct,0.0,0.01,46
PyDimension,dataset_keyhole.csv,,2.133946514611714,0.6853450392282745,[1.0],0.3361512277431339,0.9504337851700425,5.923567533493042,./configs/Keyhole/config.json,PyDimension_run,y_1pct,0.0,0.01,46
PyDimension,MHD_Generator_Data_Uavg.csv,,2347713.929310713,0.9692506027656714,[1.0],15271084.60432524,0.799985577103381,25.855189561843872,./configs/MHD/config.json,PyDimension_run,y_1pct,0.0,0.01,46
PyDimension,mat/inv_transf.mat,,50.525001237745485,0.19222838824470123,[1.0],0.08686331382558857,0.9986112673470083,87.26337552070618,./configs/Velocity_transformation/config.json,PyDimension_run,y_1pct,0.0,0.01,46
TI_PI,chf_public.csv,3.0,2164804.051334307,-0.0001717854447342848,[0. 0. 0.],31998.001638163205,0.9852164456134589,287.0621464252472,./configs/CHF/config.json,TI_PI_run,y_1pct,0.0,0.01,46
TI_PI,rayleigh_data.csv,1.0,0.09130917012176386,-0.0022485576176975997,[0.],3.7342593912524645e-05,0.9995901116959378,21.422987461090088,./configs/Rayleigh/config.json,TI_PI_run,y_1pct,0.0,0.01,46
TI_PI,dataset-GS1-GS10.txt,2.0,14.327198389845908,-0.5847554118137206,[0.49708245 0.50291755],0.033788647348452515,0.996262581121144,166.0297131538391,./configs/Wall_model/config.json,TI_PI_run,y_1pct,0.0,0.01,46
TI_PI,dataset_keyhole.csv,1.0,5.633200946747831,0.16937251670494358,[1.],0.3361512277431339,0.9504337851700425,10.14054250717163,./configs/Keyhole/config.json,TI_PI_run,y_1pct,0.0,0.01,46
TI_PI,MHD_Generator_Data_Uavg.csv,1.0,100817076.34132786,-0.32046084904956595,[1.],15271084.60432524,0.799985577103381,38.66194772720337,./configs/MHD/config.json,TI_PI_run,y_1pct,0.0,0.01,46
TI_PI,mat/inv_transf.mat,1.0,34.14444036409791,0.4541136279124858,[1.],0.08686331382558857,0.9986112673470083,18.53584384918213,./configs/Velocity_transformation/config.json,TI_PI_run,y_1pct,0.0,0.01,46
DEA,chf_public.csv,3.0,56626.33578217261,0.889225395356155,[0.09028705 0.56213873 0.34757421 0.        ],38408.639173471725,0.9822874489734161,63.36027956008911,./configs/CHF/config.json,DEA_run,y_5pct,0.0,0.05,47
DEA,rayleigh_data.csv,2.0,0.0003230642370099185,0.9954383183634475,[0.98960696 0.01039304],0.000301446302536379,0.9967086604255601,52.666287422180176,./configs/Rayleigh/config.json,DEA_run,y_5pct,0.0,0.05,47
DEA,dataset-GS1-GS10.txt,2.0,0.07542513681092339,0.9916432822637907,[0.03790287 0.96209713],0.05844400338373371,0.9935247046236555,73.22812557220459,./configs/Wall_model/config.json,DEA_run,y_5pct,0.0,0.05,47
DEA,dataset_keyhole.csv,2.0,0.36942175834681007,0.9468705044993558,[0.97135326 0.         0.02864674 0.        ],0.3436151425615623,0.9505819601628904,63.53383779525757,./configs/Keyhole/config.json,DEA_run,y_5pct,0.0,0.05,47
DEA,MHD_Generator_Data_Uavg.csv,2.0,8972422.021215862,0.8832208373415984,[0.11430364 0.         0.         0.88569636],15724977.05379474,0.7953340080501604,65.91666507720947,./configs/MHD/config.json,DEA_run,y_5pct,0.0,0.05,47
DEA,mat/inv_transf.mat,2.0,0.27991055101074264,0.9949641655730299,[0.86431475 0.         0.13568525],0.2290935346380968,0.9963193875086831,33.59368300437927,./configs/Velocity_transformation/config.json,DEA_run,y_5pct,0.0,0.05,47
PyDimension,chf_public.csv,,872197.0789740776,0.5977770731008852,"[0.07321966036641749, 0.1423707863370544, 0.7844095532965282]",38408.639173471725,0.9822874489734161,709.8266699314117,./configs/CHF/config.json,PyDimension_run,y_5pct,0.0,0.05,47
PyDimension,rayleigh_data.csv,,0.0003135755431778704,0.9965762273872533,[1.0],0.000301446302536379,0.9967086604255601,104.5870144367218,./configs/Rayleigh/config.json,PyDimension_run,y_5pct,0.0,0.05,47
PyDimension,dataset-GS1-GS10.txt,,0.4416634397120188,0.9510659594913443,"[0.022378365778779007, 0.977621634221221]",0.05844400338373371,0.9935247046236555,200.6954231262207,./configs/Wall_model/config.json,PyDimension_run,y_5pct,0.0,0.05,47
PyDimension,dataset_keyhole.csv,,1.978203242529555,0.7154987818160243,[1.0],0.3436151425615623,0.9505819601628904,5.809850454330444,./configs/Keyhole/config.json,PyDimension_run,y_5pct,0.0,0.05,47
PyDimension,MHD_Generator_Data_Uavg.csv,,2629107.580299012,0.9657812593923698,[1.0],15724977.05379474,0.7953340080501604,25.976871013641357,./configs/MHD/config.json,PyDimension_run,y_5pct,0.0,0.05,47
PyDimension,mat/inv_transf.mat,,50.02473435386166,0.19630354288045415,[1.0],0.2290935346380968,0.9963193875086831,61.48652100563049,./configs/Velocity_transformation/config.json,PyDimension_run,y_5pct,0.0,0.05,47
TI_PI,chf_public.csv,3.0,2168797.770726514,-0.0001640778480758165,[0. 0. 0.],38408.639173471725,0.9822874489734161,280.26942133903503,./configs/CHF/config.json,TI_PI_run,y_5pct,0.0,0.05,47
TI_PI,rayleigh_data.csv,1.0,0.038976093803846396,0.574439762855609,[1.],0.000301446302536379,0.9967086604255601,17.18466305732727,./configs/Rayleigh/config.json,TI_PI_run,y_5pct,0.0,0.05,47
TI_PI,dataset-GS1-GS10.txt,2.0,14.260995012680917,-0.5800449955723943,[0.50076478 0.49923522],0.05844400338373371,0.9935247046236555,176.11104083061218,./configs/Wall_model/config.json,TI_PI_run,y_5pct,0.0,0.05,47
TI_PI,dataset_keyhole.csv,1.0,6.017068003440177,0.13463736178817975,[1.],0.3436151425615623,0.9505819601628904,7.4765846729278564,./configs/Keyhole/config.json,TI_PI_run,y_5pct,0.0,0.05,47
TI_PI,MHD_Generator_Data_Uavg.csv,1.0,102226946.82592781,-0.33051891933178035,[1.],15724977.05379474,0.7953340080501604,39.177849531173706,./configs/MHD/config.json,TI_PI_run,y_5pct,0.0,0.05,47
TI_PI,mat/inv_transf.mat,1.0,34.37651666897194,0.44770751885400073,[1.],0.2290935346380968,0.9963193875086831,27.135777950286865,./configs/Velocity_transformation/config.json,TI_PI_run,y_5pct,0.0,0.05,47
DEA,chf_public.csv,1.0,277109.78227306646,0.7788290583826734,[0. 0. 1. 0.],57592.460037232384,0.9736230701192592,62.324620962142944,./configs/CHF/config.json,DEA_run,y_10pct,0.0,0.1,48
DEA,rayleigh_data.csv,2.0,0.0011876914377464097,0.9832404749869111,[0.01305245 0.98694755],0.001195165158256314,0.9870118796437207,33.674386739730835,./configs/Rayleigh/config.json,DEA_run,y_10pct,0.0,0.1,48
DEA,dataset-GS1-GS10.txt,2.0,0.2336903130264427,0.9746388887610103,[0.04361219 0.95638781],0.15215538911758691,0.9834874210272198,72.30468845367432,./configs/Wall_model/config.json,DEA_run,y_10pct,0.0,0.1,48
DEA,dataset_keyhole.csv,2.0,0.3147049099045239,0.9537881773554937,[0.08494296 0.91505704 0.         0.        ],0.27053935885113056,0.9602735245745616,63.237688064575195,./configs/Keyhole/config.json,DEA_run,y_10pct,0.0,0.1,48
DEA,MHD_Generator_Data_Uavg.csv,2.0,5762701.416239171,0.9266230391738237,[0.         0.98273632 0.01726368 0.        ],16250783.047266373,0.7930774154472582,68.1340229511261,./configs/MHD/config.json,DEA_run,y_10pct,0.0,0.1,48
DEA,mat/inv_transf.mat,2.0,0.8569556555007135,0.9849939815160837,[0.         0.84399965 0.15600035],0.839504752014573,0.9867158284082742,34.36166977882385,./configs/Velocity_transformation/config.json,DEA_run,y_10pct,0.0,0.1,48
PyDimension,chf_public.csv,,899892.3239266373,0.5878558284698255,"[0.1829741133718924, 0.1675827678461754, 0.6494431187819322]",57592.460037232384,0.9736230701192592,707.6724364757538,./configs/CHF/config.json,PyDimension_run,y_10pct,0.0,0.1,48
PyDimension,rayleigh_data.csv,,0.0013030498736164638,0.9858394729198292,[1.0],0.001195165158256314,0.9870118796437207,101.9331386089325,./configs/Rayleigh/config.json,PyDimension_run,y_10pct,0.0,0.1,48
PyDimension,dataset-GS1-GS10.txt,,0.5467263243974777,0.9406668297424915,"[0.02574717167229549, 0.9742528283277044]",0.15215538911758691,0.9834874210272198,201.0888867378235,./configs/Wall_model/config.json,PyDimension_run,y_10pct,0.0,0.1,48
PyDimension,dataset_keyhole.csv,,2.4131237524533087,0.6456526626754904,[1.0],0.27053935885113056,0.9602735245745616,5.832323789596558,./configs/Keyhole/config.json,PyDimension_run,y_10pct,0.0,0.1,48
PyDimension,MHD_Generator_Data_Uavg.csv,,3255236.131844979,0.9585508051044875,[1.0],16250783.047266373,0.7930774154472582,25.939822673797607,./configs/MHD/config.json,PyDimension_run,y_10pct,0.0,0.1,48
PyDimension,mat/inv_transf.mat,,51.57488639573716,0.1838883114590838,[1.0],0.839504752014573,0.9867158284082742,67.50770354270935,./configs/Velocity_transformation/config.json,PyDimension_run,y_10pct,0.0,0.1,48
TI_PI,chf_public.csv,3.0,2184052.5619593114,-0.0002802666427219602,[0. 0. 0.],57592.460037232384,0.9736230701192592,289.7908580303192,./configs/CHF/config.json,TI_PI_run,y_10pct,0.0,0.1,48
TI_PI,rayleigh_data.csv,1.0,0.09224516246183931,-0.0024482926584470377,[0.],0.001195165158256314,0.9870118796437207,44.3074517250061,./configs/Rayleigh/config.json,TI_PI_run,y_10pct,0.0,0.1,48
TI_PI,dataset-GS1-GS10.txt,2.0,14.432652121884763,-0.5662955438608295,[0.50335872 0.49664128],0.15215538911758691,0.9834874210272198,194.6805944442749,./configs/Wall_model/config.json,TI_PI_run,y_10pct,0.0,0.1,48
TI_PI,dataset_keyhole.csv,1.0,5.060077611514581,0.25696930110912364,[1.],0.27053935885113056,0.9602735245745616,18.02364444732666,./configs/Keyhole/config.json,TI_PI_run,y_10pct,0.0,0.1,48
TI_PI,MHD_Generator_Data_Uavg.csv,1.0,103104435.65788636,-0.31283743331805347,[1.],16250783.047266373,0.7930774154472582,58.58115196228027,./configs/MHD/config.json,TI_PI_run,y_10pct,0.0,0.1,48
TI_PI,mat/inv_transf.mat,1.0,34.983386984370036,0.4464292019254099,[1.],0.839504752014573,0.9867158284082742,18.62455439567566,./configs/Velocity_transformation/config.json,TI_PI_run,y_10pct,0.0,0.1,48
DEA,chf_public.csv,2.0,330438.26292576484,0.4290258486116725,[0.         0.35520637 0.64479363 0.        ],52288.18551415236,0.975876782619757,63.63814401626587,./configs/CHF/config.json,DEA_run,xy_5pct,0.05,0.05,49
DEA,rayleigh_data.csv,2.0,0.0012762328256297984,0.9838468684446592,[0.96605887 0.03394113],0.0008173172134272158,0.9910283064851979,33.26066327095032,./configs/Rayleigh/config.json,DEA_run,xy_5pct,0.05,0.05,49
DEA,dataset-GS1-GS10.txt,2.0,0.2680234342802505,0.9718637529417792,[0.83323306 0.16676694],0.10369534018927092,0.9886208609871201,72.62755703926086,./configs/Wall_model/config.json,DEA_run,xy_5pct,0.05,0.05,49
DEA,dataset_keyhole.csv,1.0,0.2657421939173108,0.9612191931470564,[1. 0. 0. 0.],1.1078128714479563,0.8383324967573792,65.29776167869568,./configs/Keyhole/config.json,DEA_run,xy_5pct,0.05,0.05,49
DEA,MHD_Generator_Data_Uavg.csv,3.0,15862120.240223683,0.8009824082329973,[0.         0.89814611 0.02070005 0.08115384],14626544.057928557,0.8101138381302491,74.24656653404236,./configs/MHD/config.json,DEA_run,xy_5pct,0.05,0.05,49
DEA,mat/inv_transf.mat,2.0,26.6876856590824,0.52386655436862,[0.76039586 0.         0.23960414],2.0412013247841245,0.9673297813798922,34.037482500076294,./configs/Velocity_transformation/config.json,DEA_run,xy_5pct,0.05,0.05,49
PyDimension,chf_public.csv,,1152668.0359025602,0.4682152129794367,"[0.17572355438542908, 0.1333885659247308, 0.6908878796898402]",52288.18551415236,0.975876782619757,707.7772336006165,./configs/CHF/config.json,PyDimension_run,xy_5pct,0.05,0.05,49
PyDimension,rayleigh_data.csv,,0.001274921727043395,0.9860051803602272,[1.0],0.0008173172134272158,0.9910283064851979,106.54152536392212,./configs/Rayleigh/config.json,PyDimension_run,xy_5pct,0.05,0.05,49
PyDimension,dataset-GS1-GS10.txt,,0.6663373541403316,0.9268786295662115,"[0.011116826121169581, 0.9888831738788304]",0.10369534018927092,0.9886208609871201,202.3400444984436,./configs/Wall_model/config.json,PyDimension_run,xy_5pct,0.05,0.05,49
PyDimension,dataset_keyhole.csv,,1.9838128872256067,0.7104943581679934,[1.0],1.1078128714479563,0.8383324967573792,5.885333061218262,./configs/Keyhole/config.json,PyDimension_run,xy_5pct,0.05,0.05,49
PyDimension,MHD_Generator_Data_Uavg.csv,,11621030.943509854,0.8491323067094217,[1.0],14626544.057928557,0.8101138381302491,25.962578773498535,./configs/MHD/config.json,PyDimension_run,xy_5pct,0.05,0.05,49
PyDimension,mat/inv_transf.mat,,49.56029591606992,0.20676824828806306,[1.0],2.0412013247841245,0.9673297813798922,61.23202562332153,./configs/Velocity_transformation/config.json,PyDimension_run,xy_5pct,0.05,0.05,49
TI_PI,chf_public.csv,3.0,2167987.7128427783,-0.00020374316578575247,[0. 0. 0.],52288.18551415236,0.975876782619757,177.43772768974304,./configs/CHF/config.json,TI_PI_run,xy_5pct,0.05,0.05,49
TI_PI,rayleigh_data.csv,1.0,0.0562274713660126,0.3827908773719937,[1.],0.0008173172134272158,0.9910283064851979,26.728400707244873,./configs/Rayleigh/config.json,TI_PI_run,xy_5pct,0.05,0.05,49
TI_PI,dataset-GS1-GS10.txt,2.0,11.964492574974772,-0.3129386911765353,[0.49870048 0.50129952],0.10369534018927092,0.9886208609871201,127.03592491149902,./configs/Wall_model/config.json,TI_PI_run,xy_5pct,0.05,0.05,49
TI_PI,dataset_keyhole.csv,1.0,5.815500306710767,0.15132109499343938,[1.],1.1078128714479563,0.8383324967573792,10.56186294555664,./configs/Keyhole/config.json,TI_PI_run,xy_5pct,0.05,0.05,49
TI_PI,MHD_Generator_Data_Uavg.csv,1.0,88469315.53856844,-0.14853506777333703,[1.],14626544.057928557,0.8101138381302491,29.157779455184937,./configs/MHD/config.json,TI_PI_run,xy_5pct,0.05,0.05,49
TI_PI,mat/inv_transf.mat,1.0,52.82476543545042,0.15451914792648136,[1.],2.0412013247841245,0.9673297813798922,22.597413301467896,./configs/Velocity_transformation/config.json,TI_PI_run,xy_5pct,0.05,0.05,49
