solution_id,num_active_pi,objective_1,objective_2,c_mask,active_pi_count,pi_1,pi_2,pi_3,pi_4,pi_5,pi_6,pi_7,pi_8,pi_9,pi_10
0,3,294216.84536027553,0.03929858301564548,1101,3,\frac{Heated Length^{6.88} \cdot Pressure^{2.66} \cdot g^{0.44}}{Tube Diameter^{6.44} \cdot Mass Flux^{1.66} \cdot Outlet Quality^{0.34} \cdot Inlet Subcooling^{0.77}},\frac{Mass Flux^{4.24} \cdot Inlet Subcooling^{10.05}}{Tube Diameter^{7.31} \cdot Heated Length^{0.11} \cdot Pressure^{3.24} \cdot Outlet Quality^{7.72} \cdot g^{7.42}},\frac{Tube Diameter^{0.39} \cdot Mass Flux^{1.81} \cdot Inlet Subcooling^{2.48}}{Heated Length^{1.47} \cdot Pressure^{0.81} \cdot Outlet Quality^{1.41} \cdot g^{1.08}},,,,,,,
1,3,299684.65764927084,0.0001246899700767523,1101,3,\frac{Heated Length^{6.85} \cdot Pressure^{2.62} \cdot g^{0.45}}{Tube Diameter^{6.4} \cdot Mass Flux^{1.62} \cdot Outlet Quality^{0.38} \cdot Inlet Subcooling^{0.76}},\frac{Mass Flux^{4.24} \cdot Inlet Subcooling^{10.03}}{Tube Diameter^{7.32} \cdot Heated Length^{0.09} \cdot Pressure^{3.24} \cdot Outlet Quality^{8.55} \cdot g^{7.41}},\frac{Tube Diameter^{0.58} \cdot Mass Flux^{2.04} \cdot Inlet Subcooling^{2.64}}{Heated Length^{1.7} \cdot Pressure^{1.04} \cdot Outlet Quality^{1.41} \cdot g^{1.12}},,,,,,,
2,3,300181.73805782606,0.0014387790075378604,1101,3,\frac{Heated Length^{6.83} \cdot Pressure^{2.61} \cdot g^{0.44}}{Tube Diameter^{6.39} \cdot Mass Flux^{1.61} \cdot Outlet Quality^{0.38} \cdot Inlet Subcooling^{0.75}},\frac{Mass Flux^{4.24} \cdot Inlet Subcooling^{10.05}}{Tube Diameter^{7.31} \cdot Heated Length^{0.11} \cdot Pressure^{3.24} \cdot Outlet Quality^{8.55} \cdot g^{7.42}},\frac{Tube Diameter^{0.47} \cdot Mass Flux^{1.91} \cdot Inlet Subcooling^{2.7}}{Heated Length^{1.71} \cdot Pressure^{0.91} \cdot Outlet Quality^{1.41} \cdot g^{1.24}},,,,,,,
3,4,305226.3272205502,0.0092202647880959,1111,4,\frac{Heated Length^{6.84} \cdot Pressure^{2.69} \cdot g^{0.44}}{Tube Diameter^{6.41} \cdot Mass Flux^{1.69} \cdot Outlet Quality^{0.38} \cdot Inlet Subcooling^{0.78}},\frac{Mass Flux^{4.24} \cdot Inlet Subcooling^{10.05}}{Tube Diameter^{7.31} \cdot Heated Length^{0.11} \cdot Pressure^{3.24} \cdot Outlet Quality^{8.48} \cdot g^{7.42}},\frac{Tube Diameter^{8.18} \cdot Mass Flux^{1.77} \cdot Outlet Quality^{5.14} \cdot g^{1.83}}{Heated Length^{6.35} \cdot Pressure^{0.77} \cdot Inlet Subcooling^{0.44}},\frac{Tube Diameter^{0.47} \cdot Mass Flux^{1.92} \cdot Inlet Subcooling^{2.7}}{Heated Length^{1.71} \cdot Pressure^{0.92} \cdot Outlet Quality^{1.41} \cdot g^{1.24}},,,,,,
4,3,309001.2144011316,-0.006524545110191071,1101,3,\frac{Heated Length^{6.86} \cdot Pressure^{2.76} \cdot g^{0.35}}{Tube Diameter^{6.52} \cdot Mass Flux^{1.76} \cdot Outlet Quality^{0.38} \cdot Inlet Subcooling^{0.73}},\frac{Mass Flux^{4.24} \cdot Inlet Subcooling^{10.04}}{Tube Diameter^{7.31} \cdot Heated Length^{0.11} \cdot Pressure^{3.24} \cdot Outlet Quality^{8.76} \cdot g^{7.42}},\frac{Tube Diameter^{0.55} \cdot Mass Flux^{1.83} \cdot Inlet Subcooling^{2.66}}{Heated Length^{1.79} \cdot Pressure^{0.83} \cdot Outlet Quality^{1.41} \cdot g^{1.24}},,,,,,,
5,4,316477.2957115188,0.006456110407249804,1111,4,\frac{Heated Length^{6.53} \cdot Pressure^{2.44} \cdot g^{0.49}}{Tube Diameter^{6.04} \cdot Mass Flux^{1.44} \cdot Outlet Quality^{0.8} \cdot Inlet Subcooling^{0.71}},\frac{Mass Flux^{4.24} \cdot Inlet Subcooling^{10.04}}{Tube Diameter^{7.31} \cdot Heated Length^{0.11} \cdot Pressure^{3.24} \cdot Outlet Quality^{8.74} \cdot g^{7.42}},\frac{Tube Diameter^{2.08} \cdot Pressure^{3.51} \cdot Outlet Quality^{5.13} \cdot Inlet Subcooling^{2.67}}{Heated Length^{5.51} \cdot Mass Flux^{2.51} \cdot g^{3.42}},\frac{Tube Diameter^{0.46} \cdot Mass Flux^{1.99} \cdot Inlet Subcooling^{2.79}}{Heated Length^{1.76} \cdot Pressure^{0.99} \cdot Outlet Quality^{1.33} \cdot g^{1.29}},,,,,,
6,3,319647.4911196174,-0.006292310589127159,1101,3,\frac{Heated Length^{6.98} \cdot Pressure^{2.7} \cdot Outlet Quality^{1.35} \cdot g^{0.3}}{Tube Diameter^{6.69} \cdot Mass Flux^{1.7} \cdot Inlet Subcooling^{0.64}},\frac{Mass Flux^{4.24} \cdot Inlet Subcooling^{10.05}}{Tube Diameter^{7.31} \cdot Heated Length^{0.11} \cdot Pressure^{3.24} \cdot Outlet Quality^{8.55} \cdot g^{7.42}},\frac{Tube Diameter^{0.47} \cdot Mass Flux^{1.92} \cdot Inlet Subcooling^{2.7}}{Heated Length^{1.71} \cdot Pressure^{0.92} \cdot Outlet Quality^{1.16} \cdot g^{1.24}},,,,,,,
7,4,323141.9640896733,-0.00841856581725614,1111,4,\frac{Heated Length^{7.94} \cdot Pressure^{1.55} \cdot g^{0.52}}{Tube Diameter^{7.41} \cdot Mass Flux^{0.55} \cdot Outlet Quality^{0.38} \cdot Inlet Subcooling^{0.3}},\frac{Heated Length^{0.09} \cdot Mass Flux^{4.15} \cdot Inlet Subcooling^{9.86}}{Tube Diameter^{7.37} \cdot Pressure^{3.15} \cdot Outlet Quality^{8.55} \cdot g^{7.28}},\frac{Tube Diameter^{0.33} \cdot Pressure^{5.14} \cdot Outlet Quality^{5.13}}{Heated Length^{1.08} \cdot Mass Flux^{4.14} \cdot Inlet Subcooling^{0.82} \cdot g^{0.75}},\frac{Tube Diameter^{0.58} \cdot Mass Flux^{2.04} \cdot Inlet Subcooling^{2.64}}{Heated Length^{1.7} \cdot Pressure^{1.04} \cdot Outlet Quality^{1.2} \cdot g^{1.12}},,,,,,
8,4,323141.9640896733,-0.00841856581725603,1111,4,\frac{Heated Length^{7.94} \cdot Pressure^{1.55} \cdot g^{0.52}}{Tube Diameter^{7.41} \cdot Mass Flux^{0.55} \cdot Outlet Quality^{0.38} \cdot Inlet Subcooling^{0.3}},\frac{Heated Length^{0.09} \cdot Mass Flux^{4.15} \cdot Inlet Subcooling^{9.86}}{Tube Diameter^{7.37} \cdot Pressure^{3.15} \cdot Outlet Quality^{8.55} \cdot g^{7.28}},\frac{Tube Diameter^{0.33} \cdot Pressure^{5.14} \cdot Outlet Quality^{5.13}}{Heated Length^{1.08} \cdot Mass Flux^{4.14} \cdot Inlet Subcooling^{0.82} \cdot g^{0.75}},\frac{Tube Diameter^{0.58} \cdot Mass Flux^{2.04} \cdot Inlet Subcooling^{2.64}}{Heated Length^{1.7} \cdot Pressure^{1.04} \cdot Outlet Quality^{1.2} \cdot g^{1.12}},,,,,,
9,3,324295.6579017259,0.002157174849573479,0111,3,\frac{Heated Length^{0.08} \cdot Mass Flux^{4.14} \cdot Inlet Subcooling^{9.86}}{Tube Diameter^{7.37} \cdot Pressure^{3.14} \cdot Outlet Quality^{8.56} \cdot g^{7.29}},\frac{Tube Diameter^{1.53} \cdot Pressure^{3.34} \cdot Outlet Quality^{5.13} \cdot Inlet Subcooling^{2.81}}{Heated Length^{5.02} \cdot Mass Flux^{2.34} \cdot g^{3.48}},\frac{Tube Diameter^{0.62} \cdot Mass Flux^{1.98} \cdot Inlet Subcooling^{2.62}}{Heated Length^{1.75} \cdot Pressure^{0.98} \cdot Outlet Quality^{1.27} \cdot g^{1.13}},,,,,,,
10,4,338652.25008917484,-0.039117411074238745,1111,4,\frac{Heated Length^{7.63} \cdot Pressure^{1.39} \cdot Outlet Quality^{1.43} \cdot Inlet Subcooling^{0.01} \cdot g^{0.3}}{Tube Diameter^{7.33} \cdot Mass Flux^{0.39}},\frac{Heated Length^{0.08} \cdot Mass Flux^{4.14} \cdot Inlet Subcooling^{9.85}}{Tube Diameter^{7.36} \cdot Pressure^{3.14} \cdot Outlet Quality^{8.55} \cdot g^{7.28}},\frac{Tube Diameter^{0.37} \cdot Pressure^{5.13} \cdot Outlet Quality^{5.18}}{Heated Length^{1.1} \cdot Mass Flux^{4.13} \cdot Inlet Subcooling^{0.84} \cdot g^{0.73}},\frac{Tube Diameter^{0.72} \cdot Mass Flux^{1.95} \cdot Inlet Subcooling^{2.67}}{Heated Length^{1.91} \cdot Pressure^{0.95} \cdot Outlet Quality^{1.2} \cdot g^{1.19}},,,,,,
11,4,339246.0951314723,-0.02592418304168631,1111,4,\frac{Heated Length^{6.45} \cdot Pressure^{2.58} \cdot g^{0.21}}{Tube Diameter^{6.24} \cdot Mass Flux^{1.58} \cdot Outlet Quality^{0.42} \cdot Inlet Subcooling^{0.5}},\frac{Heated Length^{0.06} \cdot Mass Flux^{4.15} \cdot Inlet Subcooling^{9.87}}{Tube Diameter^{7.36} \cdot Pressure^{3.15} \cdot Outlet Quality^{8.56} \cdot g^{7.3}},\frac{Tube Diameter^{8.48} \cdot Mass Flux^{1.3} \cdot Outlet Quality^{6.87} \cdot g^{1.91}}{Heated Length^{6.57} \cdot Pressure^{0.3} \cdot Inlet Subcooling^{0.77}},\frac{Tube Diameter^{0.48} \cdot Mass Flux^{1.95} \cdot Inlet Subcooling^{2.79}}{Heated Length^{1.8} \cdot Pressure^{0.95} \cdot Outlet Quality^{1.12} \cdot g^{1.31}},,,,,,
12,4,350555.9547910502,-0.003555009507059337,1111,4,\frac{Heated Length^{5.2} \cdot Mass Flux^{2.08} \cdot g^{4.38}}{Tube Diameter^{0.82} \cdot Pressure^{1.08} \cdot Outlet Quality^{3.67} \cdot Inlet Subcooling^{2.84}},\frac{Mass Flux^{4.47} \cdot Inlet Subcooling^{9.84}}{Tube Diameter^{6.93} \cdot Heated Length^{0.18} \cdot Pressure^{3.47} \cdot Outlet Quality^{8.76} \cdot g^{7.11}},\frac{Tube Diameter^{6.96} \cdot Pressure^{1.75} \cdot Outlet Quality^{6.92} \cdot g^{4.77}}{Heated Length^{2.19} \cdot Mass Flux^{0.75} \cdot Inlet Subcooling^{4.64}},\frac{Tube Diameter^{0.52} \cdot Mass Flux^{1.84} \cdot Inlet Subcooling^{2.77}}{Heated Length^{1.87} \cdot Pressure^{0.84} \cdot Outlet Quality^{1.33} \cdot g^{1.35}},,,,,,
13,4,358331.2991682044,-0.03231190951604768,1111,4,\frac{Heated Length^{6.74} \cdot Pressure^{1.81} \cdot Outlet Quality^{1.56} \cdot g^{0.37}}{Tube Diameter^{6.37} \cdot Mass Flux^{0.81} \cdot Inlet Subcooling^{0.27}},\frac{Mass Flux^{4.49} \cdot Inlet Subcooling^{9.84}}{Tube Diameter^{6.91} \cdot Heated Length^{0.18} \cdot Pressure^{3.49} \cdot Outlet Quality^{8.57} \cdot g^{7.09}},\frac{Heated Length^{1.46} \cdot Pressure^{2.49} \cdot Outlet Quality^{5.12} \cdot Inlet Subcooling^{0.08}}{Tube Diameter^{1.78} \cdot Mass Flux^{1.49} \cdot g^{0.33}},\frac{Tube Diameter^{0.62} \cdot Mass Flux^{2.1} \cdot Inlet Subcooling^{2.74}}{Heated Length^{1.82} \cdot Pressure^{1.1} \cdot Outlet Quality^{1.35} \cdot g^{1.19}},,,,,,
14,4,361263.07331647683,-0.018159875540523118,1111,4,\frac{Heated Length^{6.39} \cdot Pressure^{2.35} \cdot Outlet Quality^{1.43} \cdot g^{0.52}}{Tube Diameter^{5.86} \cdot Mass Flux^{1.35} \cdot Inlet Subcooling^{0.7}},\frac{Mass Flux^{4.37} \cdot Inlet Subcooling^{9.68}}{Tube Diameter^{6.99} \cdot Pressure^{3.37} \cdot Outlet Quality^{7.72} \cdot g^{6.99}},\frac{Tube Diameter^{7.86} \cdot Pressure^{0.15} \cdot Mass Flux^{0.85} \cdot Outlet Quality^{6.92} \cdot g^{1.37}}{Heated Length^{6.49} \cdot Inlet Subcooling^{0.44}},\frac{Tube Diameter^{0.57} \cdot Mass Flux^{1.85} \cdot Inlet Subcooling^{2.75}}{Heated Length^{1.89} \cdot Pressure^{0.85} \cdot Outlet Quality^{1.12} \cdot g^{1.32}},,,,,,
15,4,368273.4457142681,-0.024586380083477244,1111,4,\frac{Tube Diameter^{1.94} \cdot Heated Length^{4.98} \cdot Mass Flux^{3.43} \cdot Outlet Quality^{1.43} \cdot g^{6.92}}{Pressure^{2.43} \cdot Inlet Subcooling^{4.71}},\frac{Mass Flux^{4.45} \cdot Inlet Subcooling^{9.84}}{Tube Diameter^{6.94} \cdot Heated Length^{0.17} \cdot Pressure^{3.45} \cdot Outlet Quality^{8.58} \cdot g^{7.11}},\frac{Tube Diameter^{1.1} \cdot Pressure^{5.33} \cdot Outlet Quality^{6.92}}{Heated Length^{1.63} \cdot Mass Flux^{4.33} \cdot Inlet Subcooling^{1.14} \cdot g^{0.53}},\frac{Tube Diameter^{0.74} \cdot Mass Flux^{1.97} \cdot Inlet Subcooling^{2.69}}{Heated Length^{1.94} \cdot Pressure^{0.97} \cdot Outlet Quality^{1.12} \cdot g^{1.21}},,,,,,
16,3,369183.24582815677,-0.0446636614474247,0111,3,\frac{Mass Flux^{4.49} \cdot Inlet Subcooling^{9.83}}{Tube Diameter^{6.91} \cdot Heated Length^{0.17} \cdot Pressure^{3.49} \cdot Outlet Quality^{8.57} \cdot g^{7.08}},\frac{Heated Length^{2.5} \cdot Pressure^{2.47} \cdot Outlet Quality^{4.75} \cdot g^{0.19}}{Tube Diameter^{2.3} \cdot Mass Flux^{1.47} \cdot Inlet Subcooling^{0.43}},\frac{Tube Diameter^{0.61} \cdot Mass Flux^{2.09} \cdot Inlet Subcooling^{2.75}}{Heated Length^{1.81} \cdot Pressure^{1.09} \cdot Outlet Quality^{1.17} \cdot g^{1.2}},,,,,,,
17,4,388747.071270347,-0.04572016462400763,1111,4,\frac{Tube Diameter^{2.04} \cdot Heated Length^{5.18} \cdot Mass Flux^{3.71} \cdot Outlet Quality^{1.56} \cdot g^{7.23}}{Pressure^{2.71} \cdot Inlet Subcooling^{4.87}},\frac{Mass Flux^{4.49} \cdot Inlet Subcooling^{9.83}}{Tube Diameter^{6.91} \cdot Heated Length^{0.17} \cdot Pressure^{3.49} \cdot Outlet Quality^{8.57} \cdot g^{7.08}},\frac{Heated Length^{3.18} \cdot Pressure^{2.65} \cdot Outlet Quality^{4.74} \cdot g^{0.61}}{Tube Diameter^{2.57} \cdot Mass Flux^{1.65} \cdot Inlet Subcooling^{0.94}},\frac{Tube Diameter^{0.6} \cdot Mass Flux^{2.09} \cdot Inlet Subcooling^{2.75}}{Heated Length^{1.81} \cdot Pressure^{1.09} \cdot Outlet Quality^{1.17} \cdot g^{1.21}},,,,,,
18,4,423773.62324404606,-0.036210827620790476,1111,4,\frac{Heated Length^{5.58} \cdot Mass Flux^{1.7} \cdot Outlet Quality^{1.05} \cdot g^{4.73}}{Tube Diameter^{0.85} \cdot Pressure^{0.7} \cdot Inlet Subcooling^{3.38}},\frac{Mass Flux^{4.35} \cdot Inlet Subcooling^{9.33}}{Tube Diameter^{6.65} \cdot Heated Length^{0.01} \cdot Pressure^{3.35} \cdot Outlet Quality^{7.72} \cdot g^{6.66}},\frac{Tube Diameter^{7.42} \cdot Mass Flux^{2.0} \cdot Outlet Quality^{6.92} \cdot g^{1.52}}{Heated Length^{5.91} \cdot Pressure^{1.0} \cdot Inlet Subcooling^{0.02}},\frac{Tube Diameter^{0.42} \cdot Mass Flux^{1.95} \cdot Inlet Subcooling^{2.82}}{Heated Length^{1.77} \cdot Pressure^{0.95} \cdot Outlet Quality^{1.18} \cdot g^{1.34}},,,,,,
19,4,425829.66464728554,-0.04173221428049684,1111,4,\frac{Tube Diameter^{4.55} \cdot Mass Flux^{7.52} \cdot Outlet Quality^{1.57} \cdot Inlet Subcooling^{2.79} \cdot g^{1.47}}{Heated Length^{3.07} \cdot Pressure^{6.52}},\frac{Heated Length^{0.08} \cdot Mass Flux^{4.21} \cdot Inlet Subcooling^{9.82}}{Tube Diameter^{7.29} \cdot Pressure^{3.21} \cdot Outlet Quality^{7.74} \cdot g^{7.21}},\frac{Heated Length^{2.06} \cdot Pressure^{2.42} \cdot Outlet Quality^{7.85} \cdot Inlet Subcooling^{0.16}}{Tube Diameter^{2.43} \cdot Mass Flux^{1.42} \cdot g^{0.37}},\frac{Tube Diameter^{0.54} \cdot Mass Flux^{1.87} \cdot Outlet Quality^{0.94} \cdot Inlet Subcooling^{2.38}}{Heated Length^{1.49} \cdot Pressure^{0.87} \cdot g^{0.95}},,,,,,
20,4,430332.4711555441,-0.029207432352847423,1111,4,\frac{Heated Length^{5.55} \cdot Mass Flux^{1.8} \cdot Outlet Quality^{1.05} \cdot g^{4.86}}{Tube Diameter^{0.68} \cdot Pressure^{0.8} \cdot Inlet Subcooling^{3.46}},\frac{Mass Flux^{4.36} \cdot Inlet Subcooling^{9.34}}{Tube Diameter^{6.64} \cdot Heated Length^{0.02} \cdot Pressure^{3.36} \cdot Outlet Quality^{7.72} \cdot g^{6.66}},\frac{Tube Diameter^{9.1} \cdot Mass Flux^{2.44} \cdot Outlet Quality^{6.92} \cdot Inlet Subcooling^{2.29}}{Heated Length^{9.67} \cdot Pressure^{1.44} \cdot g^{0.57}},\frac{Tube Diameter^{0.42} \cdot Mass Flux^{1.95} \cdot Inlet Subcooling^{2.82}}{Heated Length^{1.77} \cdot Pressure^{0.95} \cdot Outlet Quality^{1.28} \cdot g^{1.34}},,,,,,
21,4,432546.6912537798,-0.046749102080773014,1111,4,\frac{Tube Diameter^{4.74} \cdot Mass Flux^{7.3} \cdot Outlet Quality^{1.57} \cdot Inlet Subcooling^{2.7} \cdot g^{1.46}}{Heated Length^{3.29} \cdot Pressure^{6.3}},\frac{Heated Length^{0.07} \cdot Mass Flux^{4.21} \cdot Inlet Subcooling^{9.81}}{Tube Diameter^{7.28} \cdot Pressure^{3.21} \cdot Outlet Quality^{7.74} \cdot g^{7.21}},\frac{Heated Length^{2.14} \cdot Pressure^{2.38} \cdot Outlet Quality^{7.85} \cdot Inlet Subcooling^{0.17}}{Tube Diameter^{2.5} \cdot Mass Flux^{1.38} \cdot g^{0.36}},\frac{Tube Diameter^{0.55} \cdot Mass Flux^{1.87} \cdot Outlet Quality^{1.03} \cdot Inlet Subcooling^{2.39}}{Heated Length^{1.5} \cdot Pressure^{0.87} \cdot g^{0.95}},,,,,,
22,4,432546.6912537799,-0.04674910208077318,1111,4,\frac{Tube Diameter^{4.74} \cdot Mass Flux^{7.3} \cdot Outlet Quality^{1.57} \cdot Inlet Subcooling^{2.7} \cdot g^{1.46}}{Heated Length^{3.29} \cdot Pressure^{6.3}},\frac{Heated Length^{0.07} \cdot Mass Flux^{4.21} \cdot Inlet Subcooling^{9.81}}{Tube Diameter^{7.28} \cdot Pressure^{3.21} \cdot Outlet Quality^{7.74} \cdot g^{7.21}},\frac{Heated Length^{2.14} \cdot Pressure^{2.38} \cdot Outlet Quality^{7.85} \cdot Inlet Subcooling^{0.17}}{Tube Diameter^{2.5} \cdot Mass Flux^{1.38} \cdot g^{0.36}},\frac{Tube Diameter^{0.55} \cdot Mass Flux^{1.87} \cdot Outlet Quality^{1.03} \cdot Inlet Subcooling^{2.39}}{Heated Length^{1.5} \cdot Pressure^{0.87} \cdot g^{0.95}},,,,,,
23,4,432546.6912537799,-0.046749102080772986,1111,4,\frac{Tube Diameter^{4.74} \cdot Mass Flux^{7.3} \cdot Outlet Quality^{1.57} \cdot Inlet Subcooling^{2.7} \cdot g^{1.46}}{Heated Length^{3.29} \cdot Pressure^{6.3}},\frac{Heated Length^{0.07} \cdot Mass Flux^{4.21} \cdot Inlet Subcooling^{9.81}}{Tube Diameter^{7.28} \cdot Pressure^{3.21} \cdot Outlet Quality^{7.74} \cdot g^{7.21}},\frac{Heated Length^{2.14} \cdot Pressure^{2.38} \cdot Outlet Quality^{7.85} \cdot Inlet Subcooling^{0.17}}{Tube Diameter^{2.5} \cdot Mass Flux^{1.38} \cdot g^{0.36}},\frac{Tube Diameter^{0.55} \cdot Mass Flux^{1.87} \cdot Outlet Quality^{1.03} \cdot Inlet Subcooling^{2.39}}{Heated Length^{1.5} \cdot Pressure^{0.87} \cdot g^{0.95}},,,,,,
24,4,432794.90205207816,-0.06669772521754055,1111,4,\frac{Heated Length^{6.55} \cdot Pressure^{2.53} \cdot g^{0.39}}{Tube Diameter^{6.16} \cdot Mass Flux^{1.53} \cdot Outlet Quality^{0.38} \cdot Inlet Subcooling^{0.66}},\frac{Heated Length^{0.07} \cdot Mass Flux^{4.16} \cdot Inlet Subcooling^{9.87}}{Tube Diameter^{7.37} \cdot Pressure^{3.16} \cdot Outlet Quality^{8.55} \cdot g^{7.29}},\frac{Tube Diameter^{6.79} \cdot Pressure^{1.16} \cdot Outlet Quality^{5.12} \cdot g^{4.57}}{Heated Length^{2.23} \cdot Mass Flux^{0.16} \cdot Inlet Subcooling^{4.15}},\frac{Tube Diameter^{0.45} \cdot Mass Flux^{1.91} \cdot Outlet Quality^{0.95} \cdot Inlet Subcooling^{2.71}}{Heated Length^{1.7} \cdot Pressure^{0.91} \cdot g^{1.25}},,,,,,
25,4,435808.05760588904,-0.10383182747054723,1111,4,\frac{Tube Diameter^{4.22} \cdot Mass Flux^{7.82} \cdot Outlet Quality^{1.56} \cdot Inlet Subcooling^{2.86} \cdot g^{1.55}}{Heated Length^{2.68} \cdot Pressure^{6.82}},\frac{Mass Flux^{4.49} \cdot Inlet Subcooling^{9.83}}{Tube Diameter^{6.91} \cdot Heated Length^{0.17} \cdot Pressure^{3.49} \cdot Outlet Quality^{8.57} \cdot g^{7.08}},\frac{Heated Length^{1.46} \cdot Pressure^{2.49} \cdot Outlet Quality^{4.75} \cdot Inlet Subcooling^{0.08}}{Tube Diameter^{1.78} \cdot Mass Flux^{1.49} \cdot g^{0.33}},\frac{Tube Diameter^{0.62} \cdot Mass Flux^{2.1} \cdot Outlet Quality^{1.02} \cdot Inlet Subcooling^{2.74}}{Heated Length^{1.82} \cdot Pressure^{1.1} \cdot g^{1.19}},,,,,,
26,4,435808.0576058891,-0.10383182747054723,1111,4,\frac{Tube Diameter^{4.22} \cdot Mass Flux^{7.82} \cdot Outlet Quality^{1.56} \cdot Inlet Subcooling^{2.86} \cdot g^{1.55}}{Heated Length^{2.68} \cdot Pressure^{6.82}},\frac{Mass Flux^{4.49} \cdot Inlet Subcooling^{9.83}}{Tube Diameter^{6.91} \cdot Heated Length^{0.17} \cdot Pressure^{3.49} \cdot Outlet Quality^{8.57} \cdot g^{7.08}},\frac{Heated Length^{1.46} \cdot Pressure^{2.49} \cdot Outlet Quality^{4.75} \cdot Inlet Subcooling^{0.08}}{Tube Diameter^{1.78} \cdot Mass Flux^{1.49} \cdot g^{0.33}},\frac{Tube Diameter^{0.62} \cdot Mass Flux^{2.1} \cdot Outlet Quality^{1.02} \cdot Inlet Subcooling^{2.74}}{Heated Length^{1.82} \cdot Pressure^{1.1} \cdot g^{1.19}},,,,,,
27,4,436937.21061461244,-0.05959337860022906,1111,4,\frac{Heated Length^{7.94} \cdot Pressure^{1.55} \cdot g^{0.52}}{Tube Diameter^{7.41} \cdot Mass Flux^{0.55} \cdot Outlet Quality^{0.38} \cdot Inlet Subcooling^{0.3}},\frac{Heated Length^{0.09} \cdot Mass Flux^{4.15} \cdot Inlet Subcooling^{9.86}}{Tube Diameter^{7.37} \cdot Pressure^{3.15} \cdot Outlet Quality^{8.55} \cdot g^{7.28}},\frac{Tube Diameter^{6.95} \cdot Pressure^{1.08} \cdot Outlet Quality^{5.14} \cdot g^{4.68}}{Heated Length^{2.26} \cdot Mass Flux^{0.08} \cdot Inlet Subcooling^{4.22}},\frac{Tube Diameter^{0.61} \cdot Mass Flux^{2.0} \cdot Outlet Quality^{0.95} \cdot Inlet Subcooling^{2.63}}{Heated Length^{1.73} \cdot Pressure^{1.0} \cdot g^{1.13}},,,,,,
28,3,438704.2775097549,-0.09390387732620548,1101,3,\frac{Tube Diameter^{2.01} \cdot Heated Length^{5.2} \cdot Mass Flux^{3.76} \cdot Outlet Quality^{1.55} \cdot g^{7.22}}{Pressure^{2.76} \cdot Inlet Subcooling^{4.83}},\frac{Mass Flux^{4.49} \cdot Inlet Subcooling^{9.82}}{Tube Diameter^{6.9} \cdot Heated Length^{0.17} \cdot Pressure^{3.49} \cdot Outlet Quality^{8.57} \cdot g^{7.08}},\frac{Tube Diameter^{0.49} \cdot Mass Flux^{1.92} \cdot Outlet Quality^{0.94} \cdot Inlet Subcooling^{2.4}}{Heated Length^{1.44} \cdot Pressure^{0.92} \cdot g^{0.94}},,,,,,,
29,3,445539.32340261276,-0.1268697438679509,0111,3,\frac{Mass Flux^{4.49} \cdot Inlet Subcooling^{9.83}}{Tube Diameter^{6.91} \cdot Heated Length^{0.17} \cdot Pressure^{3.49} \cdot Outlet Quality^{8.57} \cdot g^{7.08}},\frac{Heated Length^{2.51} \cdot Pressure^{2.49} \cdot Outlet Quality^{4.75} \cdot g^{0.19}}{Tube Diameter^{2.32} \cdot Mass Flux^{1.49} \cdot Inlet Subcooling^{0.43}},\frac{Tube Diameter^{0.61} \cdot Mass Flux^{2.09} \cdot Outlet Quality^{1.01} \cdot Inlet Subcooling^{2.75}}{Heated Length^{1.81} \cdot Pressure^{1.09} \cdot g^{1.2}},,,,,,,
30,3,451591.4387724404,-0.10185105414342005,0111,3,\frac{Mass Flux^{4.49} \cdot Inlet Subcooling^{9.83}}{Tube Diameter^{6.91} \cdot Heated Length^{0.17} \cdot Pressure^{3.49} \cdot Outlet Quality^{7.67} \cdot g^{7.08}},\frac{Heated Length^{2.57} \cdot Pressure^{2.42} \cdot Outlet Quality^{4.75} \cdot g^{0.19}}{Tube Diameter^{2.38} \cdot Mass Flux^{1.42} \cdot Inlet Subcooling^{0.4}},\frac{Tube Diameter^{0.61} \cdot Mass Flux^{2.09} \cdot Outlet Quality^{1.01} \cdot Inlet Subcooling^{2.75}}{Heated Length^{1.81} \cdot Pressure^{1.09} \cdot g^{1.2}},,,,,,,
31,4,455369.3126892884,-0.11777461118517535,1111,4,\frac{Heated Length^{6.12} \cdot Pressure^{2.43} \cdot Outlet Quality^{1.57} \cdot g^{0.24}}{Tube Diameter^{5.89} \cdot Mass Flux^{1.43} \cdot Inlet Subcooling^{0.45}},\frac{Heated Length^{0.11} \cdot Mass Flux^{4.52} \cdot Inlet Subcooling^{9.71}}{Tube Diameter^{7.06} \cdot Pressure^{3.52} \cdot Outlet Quality^{7.72} \cdot g^{6.95}},\frac{Tube Diameter^{7.39} \cdot Pressure^{1.66} \cdot Outlet Quality^{6.9} \cdot g^{4.89}}{Heated Length^{2.5} \cdot Mass Flux^{0.66} \cdot Inlet Subcooling^{4.72}},\frac{Tube Diameter^{0.59} \cdot Mass Flux^{2.07} \cdot Outlet Quality^{1.18} \cdot Inlet Subcooling^{2.73}}{Heated Length^{1.79} \cdot Pressure^{1.07} \cdot g^{1.2}},,,,,,
32,3,458951.38723038527,-0.10929747959911593,1101,3,\frac{Heated Length^{6.81} \cdot Pressure^{2.55} \cdot Outlet Quality^{1.31} \cdot g^{0.79}}{Tube Diameter^{6.01} \cdot Mass Flux^{1.55} \cdot Inlet Subcooling^{1.07}},\frac{Mass Flux^{4.61} \cdot Inlet Subcooling^{9.87}}{Tube Diameter^{6.98} \cdot Heated Length^{0.09} \cdot Pressure^{3.61} \cdot Outlet Quality^{7.73} \cdot g^{7.07}},\frac{Tube Diameter^{0.58} \cdot Mass Flux^{2.06} \cdot Outlet Quality^{1.03} \cdot Inlet Subcooling^{2.74}}{Heated Length^{1.79} \cdot Pressure^{1.06} \cdot g^{1.21}},,,,,,,
33,4,525503.9304153321,-0.17925316895613994,1111,4,\frac{Tube Diameter^{2.84} \cdot Pressure^{0.35} \cdot Mass Flux^{0.65} \cdot Inlet Subcooling^{3.74}}{Heated Length^{5.75} \cdot Outlet Quality^{0.33} \cdot g^{2.91}},\frac{Heated Length^{0.09} \cdot Mass Flux^{4.15} \cdot Inlet Subcooling^{9.86}}{Tube Diameter^{7.37} \cdot Pressure^{3.15} \cdot Outlet Quality^{8.62} \cdot g^{7.28}},\frac{Heated Length^{1.44} \cdot Pressure^{2.49} \cdot Outlet Quality^{6.91} \cdot Inlet Subcooling^{0.11}}{Tube Diameter^{1.79} \cdot Mass Flux^{1.49} \cdot g^{0.35}},\frac{Tube Diameter^{6.1} \cdot Mass Flux^{2.65} \cdot Outlet Quality^{0.96} \cdot g^{2.49}}{Heated Length^{3.61} \cdot Pressure^{1.65} \cdot Inlet Subcooling^{0.67}},,,,,,
34,3,525524.5150616984,-0.14120779220650787,1110,3,\frac{Tube Diameter^{2.8} \cdot Pressure^{0.37} \cdot Mass Flux^{0.63} \cdot Inlet Subcooling^{3.76}}{Heated Length^{5.75} \cdot Outlet Quality^{0.33} \cdot g^{2.95}},\frac{Heated Length^{0.09} \cdot Mass Flux^{4.15} \cdot Inlet Subcooling^{9.86}}{Tube Diameter^{7.37} \cdot Pressure^{3.15} \cdot Outlet Quality^{8.62} \cdot g^{7.28}},\frac{Heated Length^{1.44} \cdot Pressure^{2.49} \cdot Outlet Quality^{5.49} \cdot Inlet Subcooling^{0.11}}{Tube Diameter^{1.79} \cdot Mass Flux^{1.49} \cdot g^{0.35}},,,,,,,
35,4,527204.3054464028,-0.14564112863449946,1111,4,\frac{Tube Diameter^{2.8} \cdot Pressure^{0.37} \cdot Mass Flux^{0.63} \cdot Inlet Subcooling^{3.76}}{Heated Length^{5.75} \cdot Outlet Quality^{0.33} \cdot g^{2.95}},\frac{Heated Length^{0.09} \cdot Mass Flux^{4.15} \cdot Inlet Subcooling^{9.86}}{Tube Diameter^{7.37} \cdot Pressure^{3.15} \cdot Outlet Quality^{8.62} \cdot g^{7.28}},\frac{Heated Length^{1.44} \cdot Pressure^{2.49} \cdot Outlet Quality^{5.49} \cdot Inlet Subcooling^{0.11}}{Tube Diameter^{1.79} \cdot Mass Flux^{1.49} \cdot g^{0.35}},\frac{Heated Length^{5.69} \cdot Pressure^{2.36} \cdot Outlet Quality^{0.95} \cdot g^{4.03}}{Tube Diameter^{1.66} \cdot Mass Flux^{1.36} \cdot Inlet Subcooling^{4.22}},,,,,,
36,4,527204.3054464028,-0.14564112863449943,1111,4,\frac{Tube Diameter^{2.8} \cdot Pressure^{0.37} \cdot Mass Flux^{0.63} \cdot Inlet Subcooling^{3.76}}{Heated Length^{5.75} \cdot Outlet Quality^{0.33} \cdot g^{2.95}},\frac{Heated Length^{0.09} \cdot Mass Flux^{4.15} \cdot Inlet Subcooling^{9.86}}{Tube Diameter^{7.37} \cdot Pressure^{3.15} \cdot Outlet Quality^{8.62} \cdot g^{7.28}},\frac{Heated Length^{1.44} \cdot Pressure^{2.49} \cdot Outlet Quality^{5.49} \cdot Inlet Subcooling^{0.11}}{Tube Diameter^{1.79} \cdot Mass Flux^{1.49} \cdot g^{0.35}},\frac{Heated Length^{5.69} \cdot Pressure^{2.36} \cdot Outlet Quality^{0.95} \cdot g^{4.03}}{Tube Diameter^{1.66} \cdot Mass Flux^{1.36} \cdot Inlet Subcooling^{4.22}},,,,,,
37,4,531214.0056502336,-0.156078162947546,1111,4,\frac{Tube Diameter^{2.91} \cdot Pressure^{0.21} \cdot Mass Flux^{0.79} \cdot Outlet Quality^{1.14} \cdot Inlet Subcooling^{3.99}}{Heated Length^{6.0} \cdot g^{3.09}},\frac{Heated Length^{0.21} \cdot Mass Flux^{4.25} \cdot Inlet Subcooling^{9.88}}{Tube Diameter^{7.47} \cdot Pressure^{3.25} \cdot Outlet Quality^{8.59} \cdot g^{7.26}},\frac{Tube Diameter^{2.37} \cdot Mass Flux^{9.8} \cdot Outlet Quality^{7.3} \cdot Inlet Subcooling^{5.26} \cdot g^{0.14}}{Heated Length^{2.23} \cdot Pressure^{8.8}},\frac{Tube Diameter^{5.68} \cdot Mass Flux^{2.32} \cdot Outlet Quality^{1.03} \cdot g^{1.82}}{Heated Length^{3.86} \cdot Pressure^{1.32} \cdot Inlet Subcooling^{0.16}},,,,,,
38,3,531449.8539034241,-0.1784669674812792,1101,3,\frac{Tube Diameter^{2.91} \cdot Pressure^{0.21} \cdot Mass Flux^{0.79} \cdot Outlet Quality^{1.15} \cdot Inlet Subcooling^{3.99}}{Heated Length^{6.0} \cdot g^{3.09}},\frac{Heated Length^{0.21} \cdot Mass Flux^{4.25} \cdot Inlet Subcooling^{9.88}}{Tube Diameter^{7.47} \cdot Pressure^{3.25} \cdot Outlet Quality^{8.59} \cdot g^{7.26}},\frac{Tube Diameter^{5.81} \cdot Mass Flux^{2.4} \cdot Outlet Quality^{1.03} \cdot g^{1.92}}{Heated Length^{3.88} \cdot Pressure^{1.4} \cdot Inlet Subcooling^{0.22}},,,,,,,
39,3,533340.9282719864,-0.16660830717205993,1101,3,\frac{Tube Diameter^{2.79} \cdot Pressure^{0.31} \cdot Mass Flux^{0.69} \cdot Inlet Subcooling^{4.05}}{Heated Length^{5.99} \cdot Outlet Quality^{0.35} \cdot g^{3.2}},\frac{Heated Length^{0.21} \cdot Mass Flux^{4.25} \cdot Inlet Subcooling^{9.88}}{Tube Diameter^{7.47} \cdot Pressure^{3.25} \cdot Outlet Quality^{8.56} \cdot g^{7.26}},\frac{Tube Diameter^{5.65} \cdot Mass Flux^{2.58} \cdot Outlet Quality^{1.04} \cdot g^{1.94}}{Heated Length^{3.71} \cdot Pressure^{1.58} \cdot Inlet Subcooling^{0.15}},,,,,,,
40,3,539023.2178903728,-0.1797520879708261,1101,3,\frac{Tube Diameter^{2.78} \cdot Pressure^{0.29} \cdot Mass Flux^{0.71} \cdot Outlet Quality^{1.72} \cdot Inlet Subcooling^{4.05}}{Heated Length^{5.98} \cdot g^{3.2}},\frac{Heated Length^{0.21} \cdot Mass Flux^{4.25} \cdot Inlet Subcooling^{9.88}}{Tube Diameter^{7.47} \cdot Pressure^{3.25} \cdot Outlet Quality^{8.56} \cdot g^{7.26}},\frac{Tube Diameter^{5.7} \cdot Mass Flux^{2.52} \cdot Outlet Quality^{1.04} \cdot g^{1.94}}{Heated Length^{3.76} \cdot Pressure^{1.52} \cdot Inlet Subcooling^{0.18}},,,,,,,
41,4,545929.3474199254,-0.17607231680892133,1111,4,\frac{Tube Diameter^{2.83} \cdot Pressure^{0.3} \cdot Mass Flux^{0.7} \cdot Outlet Quality^{1.25} \cdot Inlet Subcooling^{3.88}}{Heated Length^{5.86} \cdot g^{3.03}},\frac{Heated Length^{0.2} \cdot Mass Flux^{4.29} \cdot Inlet Subcooling^{9.85}}{Tube Diameter^{7.4} \cdot Pressure^{3.29} \cdot Outlet Quality^{8.56} \cdot g^{7.2}},\frac{Tube Diameter^{2.34} \cdot Mass Flux^{9.83} \cdot Outlet Quality^{7.34} \cdot Inlet Subcooling^{5.28} \cdot g^{0.14}}{Heated Length^{2.2} \cdot Pressure^{8.83}},\frac{Tube Diameter^{5.68} \cdot Mass Flux^{2.33} \cdot Outlet Quality^{1.04} \cdot g^{1.82}}{Heated Length^{3.86} \cdot Pressure^{1.33} \cdot Inlet Subcooling^{0.16}},,,,,,
42,3,634078.8118984068,-0.18615966923867933,1101,3,\frac{Tube Diameter^{2.86} \cdot Pressure^{0.27} \cdot Mass Flux^{0.73} \cdot Outlet Quality^{1.25} \cdot Inlet Subcooling^{3.86}}{Heated Length^{5.86} \cdot g^{3.0}},\frac{Heated Length^{0.14} \cdot Mass Flux^{4.5} \cdot Inlet Subcooling^{9.67}}{Tube Diameter^{7.06} \cdot Pressure^{3.5} \cdot Outlet Quality^{7.73} \cdot g^{6.92}},\frac{Tube Diameter^{6.05} \cdot Mass Flux^{2.74} \cdot Outlet Quality^{1.03} \cdot g^{2.23}}{Heated Length^{3.82} \cdot Pressure^{1.74} \cdot Inlet Subcooling^{0.37}},,,,,,,
43,3,634078.8118984068,-0.1861596692386793,1101,3,\frac{Tube Diameter^{2.86} \cdot Pressure^{0.27} \cdot Mass Flux^{0.73} \cdot Outlet Quality^{1.25} \cdot Inlet Subcooling^{3.86}}{Heated Length^{5.86} \cdot g^{3.0}},\frac{Heated Length^{0.14} \cdot Mass Flux^{4.5} \cdot Inlet Subcooling^{9.67}}{Tube Diameter^{7.06} \cdot Pressure^{3.5} \cdot Outlet Quality^{7.73} \cdot g^{6.92}},\frac{Tube Diameter^{6.05} \cdot Mass Flux^{2.74} \cdot Outlet Quality^{1.03} \cdot g^{2.23}}{Heated Length^{3.82} \cdot Pressure^{1.74} \cdot Inlet Subcooling^{0.37}},,,,,,,
44,4,634143.4616472906,-0.1799394644908049,1111,4,\frac{Tube Diameter^{2.87} \cdot Pressure^{0.27} \cdot Mass Flux^{0.73} \cdot Outlet Quality^{1.25} \cdot Inlet Subcooling^{3.86}}{Heated Length^{5.86} \cdot g^{3.0}},\frac{Heated Length^{0.14} \cdot Mass Flux^{4.5} \cdot Inlet Subcooling^{9.67}}{Tube Diameter^{7.06} \cdot Pressure^{3.5} \cdot Outlet Quality^{7.73} \cdot g^{6.92}},\frac{Tube Diameter^{2.36} \cdot Mass Flux^{9.9} \cdot Outlet Quality^{7.3} \cdot Inlet Subcooling^{5.52}}{Heated Length^{2.43} \cdot Pressure^{8.9} \cdot g^{0.07}},\frac{Tube Diameter^{6.05} \cdot Mass Flux^{2.74} \cdot Outlet Quality^{1.03} \cdot g^{2.23}}{Heated Length^{3.82} \cdot Pressure^{1.74} \cdot Inlet Subcooling^{0.37}},,,,,,
45,3,635379.9162801761,-0.1862829354289539,1101,3,\frac{Tube Diameter^{2.82} \cdot Pressure^{0.29} \cdot Mass Flux^{0.71} \cdot Outlet Quality^{1.25} \cdot Inlet Subcooling^{3.89}}{Heated Length^{5.86} \cdot g^{3.03}},\frac{Heated Length^{0.14} \cdot Mass Flux^{4.5} \cdot Inlet Subcooling^{9.67}}{Tube Diameter^{7.06} \cdot Pressure^{3.5} \cdot Outlet Quality^{7.73} \cdot g^{6.92}},\frac{Tube Diameter^{6.05} \cdot Mass Flux^{2.74} \cdot Outlet Quality^{1.03} \cdot g^{2.23}}{Heated Length^{3.82} \cdot Pressure^{1.74} \cdot Inlet Subcooling^{0.37}},,,,,,,
46,3,644434.4652318403,-0.19017251864892246,1101,3,\frac{Tube Diameter^{2.78} \cdot Pressure^{0.27} \cdot Mass Flux^{0.73} \cdot Outlet Quality^{1.25} \cdot Inlet Subcooling^{3.83}}{Heated Length^{5.75} \cdot g^{2.97}},\frac{Heated Length^{0.24} \cdot Mass Flux^{4.45} \cdot Inlet Subcooling^{9.58}}{Tube Diameter^{7.09} \cdot Pressure^{3.45} \cdot Outlet Quality^{7.71} \cdot g^{6.86}},\frac{Tube Diameter^{6.06} \cdot Mass Flux^{2.73} \cdot Outlet Quality^{1.03} \cdot g^{2.24}}{Heated Length^{3.82} \cdot Pressure^{1.73} \cdot Inlet Subcooling^{0.38}},,,,,,,
47,3,652386.9014446696,-0.1922344713561253,1101,3,\frac{Tube Diameter^{2.82} \cdot Pressure^{0.31} \cdot Mass Flux^{0.69} \cdot Outlet Quality^{1.25} \cdot Inlet Subcooling^{3.81}}{Heated Length^{5.79} \cdot g^{2.97}},\frac{Heated Length^{0.26} \cdot Mass Flux^{4.44} \cdot Inlet Subcooling^{9.56}}{Tube Diameter^{7.1} \cdot Pressure^{3.44} \cdot Outlet Quality^{7.71} \cdot g^{6.84}},\frac{Tube Diameter^{6.06} \cdot Mass Flux^{2.73} \cdot Outlet Quality^{1.03} \cdot g^{2.24}}{Heated Length^{3.82} \cdot Pressure^{1.73} \cdot Inlet Subcooling^{0.38}},,,,,,,
48,3,652386.9014446696,-0.19223447135612529,1101,3,\frac{Tube Diameter^{2.82} \cdot Pressure^{0.31} \cdot Mass Flux^{0.69} \cdot Outlet Quality^{1.25} \cdot Inlet Subcooling^{3.81}}{Heated Length^{5.79} \cdot g^{2.97}},\frac{Heated Length^{0.26} \cdot Mass Flux^{4.44} \cdot Inlet Subcooling^{9.56}}{Tube Diameter^{7.1} \cdot Pressure^{3.44} \cdot Outlet Quality^{7.71} \cdot g^{6.84}},\frac{Tube Diameter^{6.06} \cdot Mass Flux^{2.73} \cdot Outlet Quality^{1.03} \cdot g^{2.24}}{Heated Length^{3.82} \cdot Pressure^{1.73} \cdot Inlet Subcooling^{0.38}},,,,,,,
49,3,652386.9014446696,-0.1922344713561252,1101,3,\frac{Tube Diameter^{2.82} \cdot Pressure^{0.31} \cdot Mass Flux^{0.69} \cdot Outlet Quality^{1.25} \cdot Inlet Subcooling^{3.81}}{Heated Length^{5.79} \cdot g^{2.97}},\frac{Heated Length^{0.26} \cdot Mass Flux^{4.44} \cdot Inlet Subcooling^{9.56}}{Tube Diameter^{7.1} \cdot Pressure^{3.44} \cdot Outlet Quality^{7.71} \cdot g^{6.84}},\frac{Tube Diameter^{6.06} \cdot Mass Flux^{2.73} \cdot Outlet Quality^{1.03} \cdot g^{2.24}}{Heated Length^{3.82} \cdot Pressure^{1.73} \cdot Inlet Subcooling^{0.38}},,,,,,,
