solution_id,num_active_pi,objective_1,objective_2,c_mask,active_pi_count,pi_1,pi_2,pi_3,pi_4,pi_5,pi_6,pi_7,pi_8,pi_9,pi_10,pareto_rank
0,2,0.0015036516644015767,0.06201480194813469,11,2,\frac{nu^{0.76} \cdot U^{0.12} \cdot t^{0.88}}{y^{1.63}},\frac{nu^{0.3} \cdot U^{0.03} \cdot t^{0.33}}{y^{0.64}},,,,,,,,,1
1,2,0.001526304475110604,0.05930590270562852,11,2,\frac{nu^{0.76} \cdot U^{0.12} \cdot t^{0.88}}{y^{1.63}},\frac{nu^{0.3} \cdot U^{0.03} \cdot t^{0.33}}{y^{0.63}},,,,,,,,,1
2,2,0.0015923283512303498,0.05848973648708833,11,2,\frac{nu^{0.76} \cdot U^{0.12} \cdot t^{0.87}}{y^{1.63}},\frac{nu^{0.29} \cdot U^{0.06} \cdot t^{0.34}}{y^{0.63}},,,,,,,,,1
3,2,0.001610130399871304,0.050093400975278035,11,2,\frac{nu^{0.75} \cdot U^{0.13} \cdot t^{0.88}}{y^{1.63}},\frac{nu^{0.28} \cdot U^{0.02} \cdot t^{0.31}}{y^{0.59}},,,,,,,,,1
4,2,0.0016519446632368574,0.049137883272098226,11,2,\frac{nu^{0.76} \cdot U^{0.12} \cdot t^{0.88}}{y^{1.63}},\frac{nu^{0.27} \cdot U^{0.05} \cdot t^{0.32}}{y^{0.59}},,,,,,,,,1
5,2,0.0016836905758443753,0.048672295172990876,11,2,\frac{nu^{0.76} \cdot U^{0.11} \cdot t^{0.87}}{y^{1.63}},\frac{nu^{0.27} \cdot U^{0.06} \cdot t^{0.32}}{y^{0.59}},,,,,,,,,1
6,2,0.0016976149906800897,0.047273084253934616,11,2,\frac{nu^{0.76} \cdot U^{0.1} \cdot t^{0.87}}{y^{1.63}},\frac{nu^{0.27} \cdot U^{0.06} \cdot t^{0.32}}{y^{0.59}},,,,,,,,,1
7,2,0.0017280411331477702,0.0470006038575318,11,2,\frac{nu^{0.75} \cdot U^{0.13} \cdot t^{0.88}}{y^{1.63}},\frac{nu^{0.26} \cdot U^{0.07} \cdot t^{0.32}}{y^{0.58}},,,,,,,,,1
8,2,0.0020747982259439117,0.008068179988403923,11,2,\frac{nu^{0.77} \cdot U^{0.1} \cdot t^{0.87}}{y^{1.63}},\frac{nu^{0.2} \cdot U^{0.03} \cdot t^{0.23}}{y^{0.43}},,,,,,,,,1
9,2,0.0020984754621051144,0.006267371816940592,11,2,\frac{nu^{0.76} \cdot U^{0.11} \cdot t^{0.87}}{y^{1.63}},\frac{nu^{0.2} \cdot U^{0.03} \cdot t^{0.23}}{y^{0.43}},,,,,,,,,1
10,2,0.0021246928924072675,0.004227843688014432,11,2,\frac{nu^{0.77} \cdot U^{0.1} \cdot t^{0.87}}{y^{1.63}},\frac{nu^{0.19} \cdot U^{0.03} \cdot t^{0.23}}{y^{0.42}},,,,,,,,,1
11,2,0.0021875872615092595,0.003019486982624442,11,2,\frac{nu^{0.69} \cdot U^{0.23} \cdot t^{0.93}}{y^{1.62}},\frac{nu^{0.18} \cdot U^{0.05} \cdot t^{0.23}}{y^{0.41}},,,,,,,,,1
12,2,0.0021888897092683657,0.00010758096139029671,11,2,\frac{nu^{0.76} \cdot U^{0.12} \cdot t^{0.88}}{y^{1.63}},\frac{nu^{0.19} \cdot U^{0.03} \cdot t^{0.21}}{y^{0.4}},,,,,,,,,1
13,2,0.0022095145831120423,-0.0013298222525066627,11,2,\frac{nu^{0.76} \cdot U^{0.12} \cdot t^{0.87}}{y^{1.63}},\frac{nu^{0.19} \cdot U^{0.02} \cdot t^{0.21}}{y^{0.4}},,,,,,,,,1
14,2,0.0022362549210349584,-0.0032695742697723684,11,2,\frac{nu^{0.75} \cdot U^{0.13} \cdot t^{0.88}}{y^{1.63}},\frac{nu^{0.18} \cdot U^{0.03} \cdot t^{0.21}}{y^{0.39}},,,,,,,,,1
15,2,0.002269723484136522,-0.005648216322720501,11,2,\frac{nu^{0.75} \cdot U^{0.13} \cdot t^{0.88}}{y^{1.63}},\frac{nu^{0.17} \cdot U^{0.03} \cdot t^{0.21}}{y^{0.38}},,,,,,,,,1
16,2,0.002284219642814474,-0.006771013598765863,11,2,\frac{nu^{0.78} \cdot U^{0.09} \cdot t^{0.86}}{y^{1.64}},\frac{nu^{0.17} \cdot U^{0.04} \cdot t^{0.21}}{y^{0.38}},,,,,,,,,1
17,2,0.002314552428450412,-0.008673307947395736,11,2,\frac{nu^{0.75} \cdot U^{0.13} \cdot t^{0.88}}{y^{1.63}},\frac{nu^{0.17} \cdot U^{0.03} \cdot t^{0.2}}{y^{0.37}},,,,,,,,,1
18,2,0.0023269671374496455,-0.009492281153954285,11,2,\frac{nu^{0.75} \cdot U^{0.13} \cdot t^{0.88}}{y^{1.63}},\frac{nu^{0.17} \cdot U^{0.03} \cdot t^{0.2}}{y^{0.37}},,,,,,,,,1
19,2,0.002349693410311711,-0.011419494864357338,11,2,\frac{nu^{0.78} \cdot U^{0.08} \cdot t^{0.86}}{y^{1.64}},\frac{nu^{0.16} \cdot U^{0.03} \cdot t^{0.2}}{y^{0.36}},,,,,,,,,1
20,2,0.0025584629856897074,-0.04016271627888224,11,2,\frac{nu^{1.33} \cdot t^{0.45}}{y^{1.77} \cdot U^{0.88}},\frac{nu^{0.19} \cdot U^{0.02} \cdot t^{0.21}}{y^{0.39}},,,,,,,,,1
21,2,0.002577370161693979,-0.042271712734326505,11,2,\frac{nu^{1.35} \cdot t^{0.43}}{y^{1.78} \cdot U^{0.92}},\frac{nu^{0.19} \cdot U^{0.02} \cdot t^{0.21}}{y^{0.39}},,,,,,,,,1
22,2,0.002709719443345702,-0.0644662396462018,11,2,\frac{nu^{1.5} \cdot t^{0.31}}{y^{1.81} \cdot U^{1.19}},\frac{nu^{0.17} \cdot U^{0.02} \cdot t^{0.19}}{y^{0.36}},,,,,,,,,1
23,2,0.0027460788813644696,-0.06614894190859233,11,2,\frac{nu^{1.55} \cdot t^{0.28}}{y^{1.83} \cdot U^{1.27}},\frac{nu^{0.18} \cdot U^{0.02} \cdot t^{0.19}}{y^{0.37}},,,,,,,,,1
24,2,0.002771392378813218,-0.06852376313571462,11,2,\frac{nu^{1.57} \cdot t^{0.26}}{y^{1.83} \cdot U^{1.3}},\frac{nu^{0.18} \cdot U^{0.02} \cdot t^{0.19}}{y^{0.37}},,,,,,,,,1
25,2,0.0028009026884884334,-0.06856174431153761,11,2,\frac{nu^{1.52} \cdot t^{0.3}}{y^{1.82} \cdot U^{1.23}},\frac{nu^{0.17} \cdot U^{0.03} \cdot t^{0.2}}{y^{0.37}},,,,,,,,,1
26,2,0.0028175640481012602,-0.07083711073882926,11,2,\frac{nu^{1.55} \cdot t^{0.28}}{y^{1.83} \cdot U^{1.27}},\frac{nu^{0.17} \cdot U^{0.03} \cdot t^{0.2}}{y^{0.37}},,,,,,,,,1
27,2,0.0028222313636894194,-0.08324515867314297,11,2,\frac{nu^{1.48} \cdot t^{0.33}}{y^{1.81} \cdot U^{1.15}},\frac{nu^{0.14} \cdot U^{0.02} \cdot t^{0.16}}{y^{0.3}},,,,,,,,,1
28,2,0.0028436455625892735,-0.0876191467823032,11,2,\frac{nu^{1.53} \cdot t^{0.29}}{y^{1.82} \cdot U^{1.23}},\frac{nu^{0.14} \cdot U^{0.02} \cdot t^{0.16}}{y^{0.3}},,,,,,,,,1
29,2,0.0028473633440827687,-0.0881866016351105,11,2,\frac{nu^{1.53} \cdot t^{0.29}}{y^{1.82} \cdot U^{1.24}},\frac{nu^{0.14} \cdot U^{0.03} \cdot t^{0.16}}{y^{0.3}},,,,,,,,,1
30,2,0.0028668321846717043,-0.09118501009466473,11,2,\frac{nu^{1.55} \cdot t^{0.28}}{y^{1.83} \cdot U^{1.27}},\frac{nu^{0.13} \cdot U^{0.02} \cdot t^{0.16}}{y^{0.29}},,,,,,,,,1
31,2,0.002900261640679697,-0.09241781896846635,11,2,\frac{nu^{1.53} \cdot t^{0.29}}{y^{1.82} \cdot U^{1.24}},\frac{nu^{0.13} \cdot U^{0.03} \cdot t^{0.16}}{y^{0.29}},,,,,,,,,1
32,2,0.002923223680961411,-0.09628459965364211,11,2,\frac{nu^{1.55} \cdot t^{0.28}}{y^{1.83} \cdot U^{1.28}},\frac{nu^{0.12} \cdot U^{0.03} \cdot t^{0.16}}{y^{0.28}},,,,,,,,,1
33,2,0.00303965958502924,-0.0980653383110468,11,2,\frac{U^{1.78} \cdot t^{1.42}}{y^{1.05} \cdot nu^{0.37}},\frac{nu^{0.12} \cdot U^{0.04} \cdot t^{0.16}}{y^{0.28}},,,,,,,,,1
34,2,0.003043521520343838,-0.10192371792462729,11,2,\frac{U^{1.79} \cdot t^{1.4}}{y^{1.01} \cdot nu^{0.39}},\frac{nu^{0.12} \cdot U^{0.04} \cdot t^{0.16}}{y^{0.29}},,,,,,,,,1
35,2,0.0030466627299497754,-0.10628501882984609,11,2,\frac{U^{1.78} \cdot t^{1.38}}{y^{0.97} \cdot nu^{0.41}},\frac{nu^{0.12} \cdot U^{0.04} \cdot t^{0.16}}{y^{0.29}},,,,,,,,,1
36,2,0.0030587530143724056,-0.5042718875724342,11,2,\frac{nu^{0.17} \cdot t^{0.15}}{y^{0.32} \cdot U^{0.02}},\frac{U^{1.67} \cdot t^{0.93}}{y^{0.18} \cdot nu^{0.75}},,,,,,,,,1
37,2,0.0030594618622978085,-0.5097728594898012,11,2,\frac{nu^{0.17} \cdot t^{0.15}}{y^{0.32} \cdot U^{0.02}},\frac{U^{1.62} \cdot t^{0.91}}{y^{0.19} \cdot nu^{0.72}},,,,,,,,,1
38,2,0.0030938424314687165,-0.5110495749198994,11,2,\frac{nu^{0.18} \cdot t^{0.16}}{y^{0.34} \cdot U^{0.02}},\frac{U^{1.67} \cdot t^{0.93}}{y^{0.18} \cdot nu^{0.75}},,,,,,,,,1
39,2,0.0030942652757888077,-0.5124037449234071,11,2,\frac{nu^{0.19} \cdot t^{0.15}}{y^{0.34} \cdot U^{0.04}},\frac{U^{1.68} \cdot t^{0.93}}{y^{0.19} \cdot nu^{0.74}},,,,,,,,,1
40,2,0.0030944343207494384,-0.5168096076149301,11,2,\frac{nu^{0.19} \cdot t^{0.15}}{y^{0.34} \cdot U^{0.04}},\frac{U^{1.67} \cdot t^{0.93}}{y^{0.19} \cdot nu^{0.74}},,,,,,,,,1
41,2,0.0030950107010350872,-0.5211024645623105,11,2,\frac{nu^{0.19} \cdot t^{0.15}}{y^{0.34} \cdot U^{0.04}},\frac{U^{1.68} \cdot t^{0.94}}{y^{0.2} \cdot nu^{0.74}},,,,,,,,,1
42,2,0.005475326335405272,-0.5557862994746687,11,2,\frac{nu^{0.11} \cdot t^{0.02}}{y^{0.13} \cdot U^{0.09}},\frac{U^{1.7} \cdot t^{1.05}}{y^{0.4} \cdot nu^{0.65}},,,,,,,,,1
43,2,0.005500841501493474,-0.5572588085250721,11,2,\frac{nu^{0.11} \cdot t^{0.02}}{y^{0.13} \cdot U^{0.09}},\frac{U^{1.7} \cdot t^{1.05}}{y^{0.4} \cdot nu^{0.65}},,,,,,,,,1
44,2,0.005617087411963747,-0.5613909718151194,11,2,\frac{nu^{0.1} \cdot t^{0.02}}{y^{0.12} \cdot U^{0.09}},\frac{U^{1.7} \cdot t^{1.05}}{y^{0.4} \cdot nu^{0.65}},,,,,,,,,1
45,2,0.006131034410243625,-0.5779494115544974,11,2,\frac{nu^{0.1} \cdot t^{0.01}}{y^{0.11} \cdot U^{0.09}},\frac{U^{1.71} \cdot t^{1.05}}{y^{0.4} \cdot nu^{0.65}},,,,,,,,,1
46,2,0.006177549584447202,-0.5905728056756088,11,2,\frac{nu^{0.1} \cdot t^{0.01}}{y^{0.12} \cdot U^{0.09}},\frac{U^{1.7} \cdot t^{1.05}}{y^{0.4} \cdot nu^{0.65}},,,,,,,,,1
47,2,0.006254862167649744,-0.6156204660546796,11,2,\frac{nu^{0.13}}{y^{0.13} \cdot U^{0.12}},\frac{U^{1.7} \cdot t^{1.05}}{y^{0.4} \cdot nu^{0.65}},,,,,,,,,1
48,2,0.007202978162800323,-0.616348708601051,11,2,\frac{nu^{0.09}}{y^{0.1} \cdot U^{0.09}},\frac{U^{1.7} \cdot t^{1.05}}{y^{0.4} \cdot nu^{0.65}},,,,,,,,,1
49,2,0.00721186448609722,-0.617231157655681,11,2,\frac{nu^{0.09}}{y^{0.1} \cdot U^{0.09}},\frac{U^{1.7} \cdot t^{1.05}}{y^{0.4} \cdot nu^{0.65}},,,,,,,,,1
